file_type,file_size_kb,snr,noise_level,encoding,coding,modulation,ber,latency,success,optimal_config
image,134.8,11.88,0.119,None,None,64-QAM,0.2903287724561914,3.3700000000000006,0,None+None+64-QAM
image,3386.73,27.3,0.053,None,None,64-QAM,0.007843111019623998,84.66825,1,None+None+64-QAM
pdf,168.6,7.34,0.124,None,None,64-QAM,0.5,4.215,0,None+None+64-QAM
image,2810.61,22.9,0.354,None,None,64-QAM,0.02777657255697232,70.26525000000001,1,None+None+64-QAM
pdf,1110.0,19.73,0.407,None,Hamming,64-QAM,0.0119779938131329,30.525,1,None+Hamming+64-QAM
image,3796.45,8.99,0.217,None,Convolutional,64-QAM,0.030712882191936925,118.6390625,1,None+Convolutional+64-QAM
binary,785.84,28.93,0.175,None,None,64-QAM,0.006013092129540369,19.646,1,None+None+64-QAM
image,1905.84,13.97,0.179,None,Hamming,64-QAM,0.0378097488066072,52.4106,1,None+Hamming+64-QAM
binary,4037.57,23.24,0.273,None,None,64-QAM,0.02414840188945167,100.93925000000002,1,None+None+64-QAM
pdf,403.21,12.33,0.318,None,None,64-QAM,0.3083013323609702,10.08025,0,None+None+64-QAM
binary,2890.99,22.61,0.032,None,None,64-QAM,0.022632873111932836,72.27475,1,None+None+64-QAM
text,3867.61,29.63,0.429,None,None,64-QAM,0.006224324413493905,96.69025,1,None+None+64-QAM
image,1906.83,16.34,0.419,None,Hamming,64-QAM,0.026367708112245886,52.437825,1,None+Hamming+64-QAM
text,1857.2,10.24,0.141,None,RS,64-QAM,0.0431862640447348,53.39450000000001,1,None+RS+64-QAM
image,3049.56,9.28,0.367,None,Convolutional,64-QAM,0.032269966178718294,95.29875000000001,1,None+Convolutional+64-QAM
text,2316.68,11.75,0.463,None,RS,64-QAM,0.03911148605611533,66.60455,1,None+RS+64-QAM
text,3426.23,26.07,0.39,None,None,64-QAM,0.01374278624628968,85.65575000000001,1,None+None+64-QAM
text,4110.79,25.13,0.207,None,None,64-QAM,0.014817238159952513,102.76975,1,None+None+64-QAM
image,1062.8,28.57,0.439,None,None,64-QAM,0.008000567345264059,26.57,1,None+None+64-QAM
binary,1071.01,17.48,0.443,None,Hamming,64-QAM,0.020623212564092077,29.452775,1,None+Hamming+64-QAM
pdf,722.93,8.49,0.375,None,None,64-QAM,0.5,18.073249999999998,0,None+None+64-QAM
binary,3737.6,15.71,0.296,None,Hamming,64-QAM,0.027841651212587394,102.78399999999999,1,None+Hamming+64-QAM
binary,1104.41,29.94,0.26,None,None,64-QAM,0.005110113384112862,27.610250000000004,1,None+None+64-QAM
image,3781.35,26.53,0.085,None,None,64-QAM,0.009649164925427089,94.53375,1,None+None+64-QAM
text,3962.48,15.55,0.041,None,Hamming,64-QAM,0.023202817092348716,108.96820000000001,1,None+Hamming+64-QAM
pdf,2983.48,16.7,0.133,None,Hamming,64-QAM,0.019378488379248236,82.04570000000001,1,None+Hamming+64-QAM
image,3404.61,7.86,0.444,None,Convolutional,64-QAM,0.04727126113883511,106.3940625,1,None+Convolutional+64-QAM
binary,3845.31,13.5,0.154,None,Hamming,64-QAM,0.0412378292273769,105.746025,1,None+Hamming+64-QAM
text,2274.08,28.85,0.439,None,None,64-QAM,0.0075010279767714315,56.852000000000004,1,None+None+64-QAM
binary,4859.72,24.05,0.259,None,None,64-QAM,0.019819181799952942,121.49300000000001,1,None+None+64-QAM
image,4353.89,12.46,0.323,None,RS,64-QAM,0.030034460518220313,125.17433750000002,1,None+RS+64-QAM
text,772.67,24.06,0.274,None,None,64-QAM,0.020009185907963623,19.31675,1,None+None+64-QAM
image,2998.73,17.22,0.065,None,Hamming,64-QAM,0.01615993444871897,82.465075,1,None+Hamming+64-QAM
binary,4394.82,25.79,0.161,None,None,64-QAM,0.012243122955773072,109.87049999999999,1,None+None+64-QAM
image,1211.95,19.18,0.049,None,Hamming,64-QAM,0.010135973704216102,33.328625,1,None+Hamming+64-QAM
pdf,4081.96,29.45,0.271,None,None,64-QAM,0.005770394986878051,102.049,1,None+None+64-QAM
text,650.67,16.88,0.279,None,None,64-QAM,0.10493745706871593,16.26675,0,None+None+64-QAM
binary,2643.09,20.16,0.483,None,Hamming,64-QAM,0.011434867536274788,72.68497500000001,1,None+Hamming+64-QAM
text,3567.62,14.97,0.339,None,Hamming,64-QAM,0.03410912385273024,98.10955,1,None+Hamming+64-QAM
binary,2196.12,17.94,0.069,None,Hamming,64-QAM,0.013742561595766126,60.393299999999996,1,None+Hamming+64-QAM
text,329.49,5.53,0.281,None,None,64-QAM,0.5,8.237250000000001,0,None+None+64-QAM
text,45.88,22.7,0.039,None,None,64-QAM,0.0223190414571477,1.147,1,None+None+64-QAM
image,4528.05,26.49,0.045,None,None,64-QAM,0.009379426441411962,113.20125000000002,1,None+None+64-QAM
text,1399.6,17.14,0.274,None,Hamming,64-QAM,0.01969062108703649,38.489000000000004,1,None+Hamming+64-QAM
pdf,1222.56,16.82,0.209,None,Hamming,64-QAM,0.020114826357666947,33.620400000000004,1,None+Hamming+64-QAM
image,493.68,15.78,0.218,None,None,64-QAM,0.12873815465672528,12.342,0,None+None+64-QAM
pdf,4320.55,6.35,0.33,None,RS,64-QAM,0.12328539537832306,124.21581250000003,0,None+RS+64-QAM
image,312.46,23.21,0.402,None,None,64-QAM,0.026779841666723297,7.8115,1,None+None+64-QAM
image,1250.8,9.76,0.23,None,None,64-QAM,0.5,31.27,0,None+None+64-QAM
pdf,925.61,16.57,0.438,None,None,64-QAM,0.1267123301548348,23.14025,0,None+None+64-QAM
image,2221.22,26.53,0.28,None,None,64-QAM,0.011383346640135183,55.530499999999996,1,None+None+64-QAM
image,3264.2,18.51,0.017,None,Hamming,64-QAM,0.011465973663960368,89.7655,1,None+Hamming+64-QAM
image,4632.57,26.22,0.091,None,None,64-QAM,0.01042040843863311,115.81425,1,None+None+64-QAM
pdf,2411.98,26.62,0.452,None,None,64-QAM,0.012648138357827148,60.2995,1,None+None+64-QAM
text,1901.08,29.63,0.14,None,None,64-QAM,0.004965521225600456,47.527,1,None+None+64-QAM
pdf,1433.39,22.41,0.368,None,None,64-QAM,0.031415652811984954,35.83475000000001,1,None+None+64-QAM
pdf,782.44,12.42,0.485,None,None,64-QAM,0.34024084240558256,19.561000000000003,0,None+None+64-QAM
image,3742.4,6.43,0.296,None,RS,64-QAM,0.11794105081122415,107.59400000000001,0,None+RS+64-QAM
text,293.83,17.7,0.427,None,None,64-QAM,0.09693574768251637,7.34575,0,None+None+64-QAM
image,2979.23,21.88,0.125,None,None,64-QAM,0.029188549509670748,74.48075,1,None+None+64-QAM
image,4708.56,19.24,0.294,None,Hamming,64-QAM,0.012331737267099387,129.48540000000003,1,None+Hamming+64-QAM
image,3100.71,15.48,0.296,None,Hamming,64-QAM,0.02935587221244796,85.269525,1,None+Hamming+64-QAM
binary,4674.18,10.11,0.361,None,Convolutional,64-QAM,0.026539217938667283,146.068125,1,None+Convolutional+64-QAM
text,1335.42,8.27,0.326,None,None,64-QAM,0.5,33.3855,0,None+None+64-QAM
pdf,1587.72,23.8,0.046,None,None,64-QAM,0.01744181500439884,39.693000000000005,1,None+None+64-QAM
pdf,3109.58,19.07,0.059,None,Hamming,64-QAM,0.010495084681085287,85.51345,1,None+Hamming+64-QAM
text,2534.36,8.31,0.181,None,Convolutional,64-QAM,0.03485618831597662,79.19875000000002,1,None+Convolutional+64-QAM
image,4397.56,14.24,0.087,None,Hamming,64-QAM,0.03275816235964072,120.93290000000002,1,None+Hamming+64-QAM
binary,3062.27,29.68,0.33,None,None,64-QAM,0.005726794936510722,76.55675000000001,1,None+None+64-QAM
image,3342.64,18.87,0.467,None,Hamming,64-QAM,0.015223695924267708,91.9226,1,None+Hamming+64-QAM
image,4695.26,8.36,0.067,None,Convolutional,64-QAM,0.031131096314275936,146.726875,1,None+Convolutional+64-QAM
image,3714.66,8.89,0.148,None,Convolutional,64-QAM,0.029646394522166743,116.083125,1,None+Convolutional+64-QAM
text,3590.88,10.09,0.321,None,Convolutional,64-QAM,0.025878125414497834,112.215,1,None+Convolutional+64-QAM
binary,2531.99,11.28,0.455,None,RS,64-QAM,0.04334340088132858,72.7947125,1,None+RS+64-QAM
image,470.57,15.59,0.146,None,None,64-QAM,0.12654488892914065,11.76425,0,None+None+64-QAM
image,1674.45,8.27,0.49,None,Convolutional,64-QAM,0.044382960115785276,52.32656250000001,1,None+Convolutional+64-QAM
text,3708.74,18.79,0.22,None,Hamming,64-QAM,0.012895845389660973,101.99035,1,None+Hamming+64-QAM
image,568.25,28.63,0.349,None,None,64-QAM,0.00739727801022555,14.20625,1,None+None+64-QAM
text,2732.5,25.86,0.295,None,None,64-QAM,0.01343784909577546,68.3125,1,None+None+64-QAM
text,2154.64,6.05,0.189,None,None,64-QAM,0.5,53.866,0,None+None+64-QAM
image,4495.63,10.25,0.132,None,RS,64-QAM,0.04274707647822663,129.24936250000002,1,None+RS+64-QAM
image,1774.86,19.0,0.439,None,Hamming,64-QAM,0.014492749340574457,48.80865,1,None+Hamming+64-QAM
text,4629.56,10.92,0.09,None,RS,64-QAM,0.03527658120417747,133.09985,1,None+RS+64-QAM
text,4408.27,5.62,0.371,None,RS,64-QAM,0.15034792758852508,126.73776250000002,0,None+RS+64-QAM
binary,3914.11,15.29,0.338,None,Hamming,64-QAM,0.03166256544196776,107.63802500000001,1,None+Hamming+64-QAM
text,1341.36,24.68,0.063,None,None,64-QAM,0.014474156226086558,33.534,1,None+None+64-QAM
image,4294.38,10.56,0.41,None,RS,64-QAM,0.049576869949261866,123.46342500000002,1,None+RS+64-QAM
pdf,1754.8,25.51,0.437,None,None,64-QAM,0.016162805973133104,43.870000000000005,1,None+None+64-QAM
text,128.09,9.83,0.171,None,None,64-QAM,0.4870986056743314,3.2022500000000003,0,None+None+64-QAM
image,4834.78,11.98,0.324,None,RS,64-QAM,0.033569739908166855,138.999925,1,None+RS+64-QAM
pdf,3400.8,26.09,0.172,None,None,64-QAM,0.011534203328244078,85.02000000000001,1,None+None+64-QAM
image,585.56,29.26,0.097,None,None,64-QAM,0.005203153266957496,14.639,1,None+None+64-QAM
binary,200.9,19.91,0.179,None,None,64-QAM,0.048147506051654174,5.022500000000001,1,None+None+64-QAM
binary,2187.61,29.61,0.067,None,None,64-QAM,0.0046690057712492974,54.690250000000006,1,None+None+64-QAM
text,1281.07,22.72,0.011,None,None,64-QAM,0.021617782694013543,32.02675,1,None+None+64-QAM
text,1827.47,6.75,0.335,None,None,64-QAM,0.5,45.68675,0,None+None+64-QAM
binary,3119.55,21.58,0.071,None,None,64-QAM,0.02977484176550406,77.98875000000001,1,None+None+64-QAM
binary,2540.54,21.67,0.17,None,None,64-QAM,0.03186000598686708,63.5135,1,None+None+64-QAM
binary,2776.52,9.8,0.336,None,Convolutional,64-QAM,0.027979274803920037,86.76625,1,None+Convolutional+64-QAM
pdf,3389.82,27.57,0.312,None,None,64-QAM,0.009183195421902197,84.7455,1,None+None+64-QAM
binary,2036.32,25.84,0.159,None,None,64-QAM,0.012082127857794877,50.908,1,None+None+64-QAM
text,2155.14,19.5,0.331,None,Hamming,64-QAM,0.011947252501407308,59.26635,1,None+Hamming+64-QAM
pdf,2214.51,21.89,0.26,None,None,64-QAM,0.032615987833728585,55.362750000000005,1,None+None+64-QAM
text,3297.67,12.09,0.335,None,RS,64-QAM,0.033002075767391406,94.80801250000002,1,None+RS+64-QAM
binary,476.0,28.8,0.125,None,None,64-QAM,0.005932155323503834,11.9,1,None+None+64-QAM
binary,1130.96,9.98,0.022,None,RS,64-QAM,0.041068693506580795,32.515100000000004,1,None+RS+64-QAM
text,4919.84,20.28,0.387,None,Hamming,64-QAM,0.010403188028849568,135.2956,1,None+Hamming+64-QAM
pdf,2078.06,20.74,0.105,None,None,64-QAM,0.03727539629318099,51.9515,1,None+None+64-QAM
pdf,2476.94,11.1,0.331,None,RS,64-QAM,0.04132739648931156,71.21202500000001,1,None+RS+64-QAM
image,4464.37,26.51,0.444,None,None,64-QAM,0.012901113159069144,111.60925,1,None+None+64-QAM
pdf,1102.02,25.1,0.351,None,None,64-QAM,0.016699956517303435,27.5505,1,None+None+64-QAM
pdf,260.59,11.23,0.426,None,None,64-QAM,0.42971401355371236,6.514749999999999,0,None+None+64-QAM
pdf,675.36,16.62,0.27,None,None,64-QAM,0.11062765643554043,16.884,0,None+None+64-QAM
binary,4750.7,27.29,0.31,None,None,64-QAM,0.009779829579973668,118.7675,1,None+None+64-QAM
pdf,4154.54,18.7,0.45,None,Hamming,64-QAM,0.015647969438063188,114.24985000000001,1,None+Hamming+64-QAM
pdf,2255.85,23.79,0.422,None,None,64-QAM,0.023766191254859844,56.39625,1,None+None+64-QAM
binary,3831.41,18.03,0.317,None,Hamming,64-QAM,0.016583483460016084,105.363775,1,None+Hamming+64-QAM
binary,2204.96,22.84,0.125,None,None,64-QAM,0.02339981984400823,55.124,1,None+None+64-QAM
binary,1605.35,18.5,0.078,None,Hamming,64-QAM,0.012181723784826633,44.147125,1,None+Hamming+64-QAM
text,1921.35,8.82,0.115,None,Convolutional,64-QAM,0.029262057748128234,60.0421875,1,None+Convolutional+64-QAM
pdf,2043.92,18.57,0.214,None,Hamming,64-QAM,0.01349921995434409,56.207800000000006,1,None+Hamming+64-QAM
text,4166.13,14.74,0.387,None,Hamming,64-QAM,0.03725344567639825,114.56857500000001,1,None+Hamming+64-QAM
image,4285.09,24.14,0.196,None,None,64-QAM,0.018441284630730515,107.12725,1,None+None+64-QAM
image,4714.28,12.47,0.201,None,RS,64-QAM,0.027202135445397686,135.53555,1,None+RS+64-QAM
pdf,2695.72,23.37,0.402,None,None,64-QAM,0.025811188646442437,67.393,1,None+None+64-QAM
text,2446.27,11.82,0.248,None,RS,64-QAM,0.0328302792407826,70.3302625,1,None+RS+64-QAM
pdf,1687.29,21.98,0.208,None,None,64-QAM,0.03062858444793471,42.18225,1,None+None+64-QAM
text,4204.12,27.99,0.491,None,None,64-QAM,0.009474092808637154,105.10300000000001,1,None+None+64-QAM
image,4535.58,19.8,0.335,None,Hamming,64-QAM,0.011183332893183608,124.72845,1,None+Hamming+64-QAM
image,3217.32,8.39,0.236,None,Convolutional,64-QAM,0.035813640219626505,100.54125,1,None+Convolutional+64-QAM
image,1308.18,13.18,0.233,None,Hamming,64-QAM,0.04742999333108122,35.97495000000001,1,None+Hamming+64-QAM
binary,3808.54,14.48,0.378,None,Hamming,64-QAM,0.03929517294890918,104.73485000000001,1,None+Hamming+64-QAM
pdf,1268.83,7.05,0.019,None,None,64-QAM,0.5,31.72075,0,None+None+64-QAM
image,4999.54,13.75,0.329,None,Hamming,64-QAM,0.044834772244526866,137.48735,1,None+Hamming+64-QAM
image,3773.62,28.74,0.108,None,None,64-QAM,0.005923791329333837,94.3405,1,None+None+64-QAM
image,3110.46,10.96,0.242,None,RS,64-QAM,0.03982736618909989,89.42572500000001,1,None+RS+64-QAM
image,2824.21,10.45,0.353,None,RS,64-QAM,0.0487930299672344,81.1960375,1,None+RS+64-QAM
binary,847.27,20.18,0.376,None,None,64-QAM,0.052805410758636984,21.18175,0,None+None+64-QAM
image,3891.18,9.09,0.162,None,Convolutional,64-QAM,0.02865735632423984,121.599375,1,None+Convolutional+64-QAM
image,4645.15,19.39,0.455,None,Hamming,64-QAM,0.013395316527313232,127.741625,1,None+Hamming+64-QAM
pdf,1989.31,22.88,0.047,None,None,64-QAM,0.02157777563508397,49.73275,1,None+None+64-QAM
text,518.49,24.31,0.427,None,None,64-QAM,0.021158455599349434,12.962250000000001,1,None+None+64-QAM
image,3983.17,19.15,0.03,None,Hamming,64-QAM,0.010021372645326078,109.537175,1,None+Hamming+64-QAM
pdf,3310.99,6.72,0.327,None,RS,64-QAM,0.11296162056076238,95.1909625,0,None+RS+64-QAM
image,4249.38,25.56,0.062,None,None,64-QAM,0.011808221961441457,106.23450000000001,1,None+None+64-QAM
binary,3181.57,25.72,0.357,None,None,64-QAM,0.014542525667117702,79.53925000000001,1,None+None+64-QAM
pdf,888.92,18.04,0.329,None,None,64-QAM,0.08348048667837167,22.223,0,None+None+64-QAM
pdf,2329.72,25.64,0.3,None,None,64-QAM,0.014190684470601811,58.242999999999995,1,None+None+64-QAM
binary,4260.05,25.77,0.052,None,None,64-QAM,0.011144888583256999,106.50125000000001,1,None+None+64-QAM
pdf,1226.88,16.62,0.309,None,Hamming,64-QAM,0.02280497673608227,33.739200000000004,1,None+Hamming+64-QAM
pdf,1688.62,17.36,0.169,None,Hamming,64-QAM,0.017175306586993736,46.43705,1,None+Hamming+64-QAM
pdf,1068.48,24.95,0.177,None,None,64-QAM,0.0150603981764271,26.712000000000003,1,None+None+64-QAM
binary,2783.4,17.92,0.104,None,Hamming,64-QAM,0.01425801477389152,76.54350000000001,1,None+Hamming+64-QAM
text,3603.17,17.21,0.382,None,Hamming,64-QAM,0.021018321462832,99.087175,1,None+Hamming+64-QAM
pdf,3233.06,17.27,0.399,None,Hamming,64-QAM,0.020984938534290558,88.90915000000001,1,None+Hamming+64-QAM
image,1478.24,15.11,0.129,None,Hamming,64-QAM,0.027847353566652175,40.6516,1,None+Hamming+64-QAM
binary,2371.57,18.27,0.218,None,Hamming,64-QAM,0.014512334341215162,65.21817500000002,1,None+Hamming+64-QAM
binary,1765.53,16.34,0.16,None,Hamming,64-QAM,0.02155499747019396,48.552075,1,None+Hamming+64-QAM
text,612.07,9.81,0.069,None,None,64-QAM,0.44672236573881396,15.301750000000002,0,None+None+64-QAM
text,965.79,23.47,0.145,None,None,64-QAM,0.02059991735411259,24.144750000000002,1,None+None+64-QAM
binary,4902.75,25.82,0.155,None,None,64-QAM,0.012096005497971718,122.56875000000001,1,None+None+64-QAM
binary,905.41,5.35,0.272,None,None,64-QAM,0.5,22.63525,0,None+None+64-QAM
binary,237.12,6.36,0.153,None,None,64-QAM,0.5,5.928000000000001,0,None+None+64-QAM
text,3192.97,23.82,0.06,None,None,64-QAM,0.017594051407696983,79.82425,1,None+None+64-QAM
image,2874.58,16.73,0.226,None,Hamming,64-QAM,0.02082478168329815,79.05095,1,None+Hamming+64-QAM
text,4827.83,11.31,0.432,None,RS,64-QAM,0.04236459015533586,138.8001125,1,None+RS+64-QAM
image,4112.36,15.02,0.046,None,Hamming,64-QAM,0.026340357892399816,113.0899,1,None+Hamming+64-QAM
image,767.12,25.28,0.475,None,None,64-QAM,0.01749250519819362,19.178,1,None+None+64-QAM
image,4969.65,7.96,0.385,None,Convolutional,64-QAM,0.044307757392626324,155.3015625,1,None+Convolutional+64-QAM
text,3880.71,14.51,0.455,None,Hamming,64-QAM,0.041205290502111795,106.719525,1,None+Hamming+64-QAM
binary,4302.23,29.75,0.16,None,None,64-QAM,0.004914937284822619,107.55574999999999,1,None+None+64-QAM
image,3052.06,23.5,0.474,None,None,64-QAM,0.026336464593220782,76.3015,1,None+None+64-QAM
text,3131.32,11.62,0.05,None,RS,64-QAM,0.028923396446459606,90.02545000000002,1,None+RS+64-QAM
text,877.33,6.88,0.011,None,None,64-QAM,0.5,21.93325,0,None+None+64-QAM
pdf,3449.96,16.75,0.026,None,Hamming,64-QAM,0.017347518038979198,94.8739,1,None+Hamming+64-QAM
binary,3537.71,22.57,0.232,None,None,64-QAM,0.0272690933821515,88.44275,1,None+None+64-QAM
text,4620.32,24.7,0.316,None,None,64-QAM,0.017836756379167634,115.508,1,None+None+64-QAM
text,2131.44,18.61,0.327,None,Hamming,64-QAM,0.014620455721778136,58.6146,1,None+Hamming+64-QAM
binary,4134.89,6.79,0.091,None,Convolutional,64-QAM,0.045693533786666476,129.2153125,1,None+Convolutional+64-QAM
binary,2979.27,25.61,0.461,None,None,64-QAM,0.016058693430730412,74.48175,1,None+None+64-QAM
pdf,630.52,22.22,0.353,None,None,64-QAM,0.032460693046948166,15.763,1,None+None+64-QAM
binary,2507.36,17.34,0.049,None,Hamming,64-QAM,0.01548336939775414,68.95240000000001,1,None+Hamming+64-QAM
image,4448.22,23.36,0.306,None,None,64-QAM,0.02409923009503423,111.20550000000001,1,None+None+64-QAM
image,465.72,29.05,0.42,None,None,64-QAM,0.007068842994861463,11.643,1,None+None+64-QAM
image,4997.87,21.81,0.142,None,None,64-QAM,0.030111063534760594,124.94675000000001,1,None+None+64-QAM
image,3817.91,9.38,0.264,None,Convolutional,64-QAM,0.029159298357717207,119.3096875,1,None+Convolutional+64-QAM
pdf,4581.2,9.54,0.297,None,Convolutional,64-QAM,0.02883832100568448,143.1625,1,None+Convolutional+64-QAM
pdf,4845.59,16.75,0.21,None,Hamming,64-QAM,0.02045857390561874,133.253725,1,None+Hamming+64-QAM
binary,3353.97,26.44,0.172,None,None,64-QAM,0.010641126425631354,83.84925,1,None+None+64-QAM
pdf,1448.21,28.63,0.409,None,None,64-QAM,0.007726289634105115,36.20525,1,None+None+64-QAM
image,2279.58,12.86,0.168,None,Hamming,64-QAM,0.04836518237746104,62.68845,1,None+Hamming+64-QAM
pdf,4325.9,25.62,0.011,None,None,64-QAM,0.011086925951276349,108.1475,1,None+None+64-QAM
pdf,2072.11,9.69,0.187,None,Convolutional,64-QAM,0.025496508648981155,64.7534375,1,None+Convolutional+64-QAM
pdf,3130.79,24.0,0.11,None,None,64-QAM,0.017675958372575285,78.26975,1,None+None+64-QAM
text,4639.09,15.95,0.352,None,Hamming,64-QAM,0.027483160783221286,127.57497500000001,1,None+Hamming+64-QAM
image,154.06,20.75,0.402,None,None,64-QAM,0.04718543954346252,3.8515,1,None+None+64-QAM
text,1560.64,5.34,0.21,None,None,64-QAM,0.5,39.016000000000005,0,None+None+64-QAM
text,4961.36,27.82,0.236,None,None,64-QAM,0.00816729913044425,124.03399999999999,1,None+None+64-QAM
image,3242.07,8.85,0.467,None,Convolutional,64-QAM,0.03823491327979047,101.31468750000002,1,None+Convolutional+64-QAM
binary,2549.27,11.84,0.419,None,RS,64-QAM,0.03715714924005853,73.29151250000001,1,None+RS+64-QAM
pdf,1226.22,18.78,0.198,None,Hamming,64-QAM,0.012692489273305664,33.721050000000005,1,None+Hamming+64-QAM
text,4321.49,11.91,0.397,None,RS,64-QAM,0.035996178556988105,124.24283750000001,1,None+RS+64-QAM
pdf,1705.98,24.69,0.141,None,None,64-QAM,0.01550049744102623,42.6495,1,None+None+64-QAM
image,1421.37,12.46,0.298,None,RS,64-QAM,0.02946691591281177,40.8643875,1,None+RS+64-QAM
pdf,4327.65,16.16,0.247,None,Hamming,64-QAM,0.024152185770240107,119.010375,1,None+Hamming+64-QAM
binary,2764.07,18.59,0.233,None,Hamming,64-QAM,0.013647498762177648,76.011925,1,None+Hamming+64-QAM
binary,4349.31,29.52,0.127,None,None,64-QAM,0.005034819520994769,108.73275000000001,1,None+None+64-QAM
pdf,1175.48,24.39,0.031,None,None,64-QAM,0.015007856089886019,29.387,1,None+None+64-QAM
pdf,3529.09,25.29,0.199,None,None,64-QAM,0.014186627789581217,88.22725000000001,1,None+None+64-QAM
text,2481.69,5.93,0.256,None,RS,64-QAM,0.12824771344570104,71.34858750000001,0,None+RS+64-QAM
binary,4349.8,26.85,0.226,None,None,64-QAM,0.010128624284094835,108.745,1,None+None+64-QAM
pdf,86.58,8.6,0.437,None,None,64-QAM,0.5,2.1645,0,None+None+64-QAM
text,383.39,24.54,0.14,None,None,64-QAM,0.016031156088090404,9.58475,1,None+None+64-QAM
pdf,3252.68,26.29,0.428,None,None,64-QAM,0.01342110267268553,81.31700000000001,1,None+None+64-QAM
pdf,4771.16,20.67,0.445,None,None,64-QAM,0.04953678745431535,119.279,1,None+None+64-QAM
pdf,4363.19,5.9,0.044,None,RS,64-QAM,0.10733972788842774,125.4417125,0,None+RS+64-QAM
binary,4987.16,23.67,0.223,None,None,64-QAM,0.02101292199733829,124.679,1,None+None+64-QAM
image,3804.24,22.6,0.059,None,None,64-QAM,0.023278551416608964,95.106,1,None+None+64-QAM
text,3473.07,27.59,0.033,None,None,64-QAM,0.007197146000854151,86.82675,1,None+None+64-QAM
image,1473.91,14.37,0.081,None,Hamming,64-QAM,0.031616637578703054,40.53252500000001,1,None+Hamming+64-QAM
pdf,2833.98,24.81,0.093,None,None,64-QAM,0.014443756334129547,70.8495,1,None+None+64-QAM
image,3051.36,14.56,0.345,None,Hamming,64-QAM,0.03765409997225125,83.9124,1,None+Hamming+64-QAM
pdf,4565.02,8.58,0.236,None,Convolutional,64-QAM,0.03428060408971308,142.656875,1,None+Convolutional+64-QAM
binary,2303.26,21.67,0.45,None,None,64-QAM,0.03948462280423698,57.581500000000005,1,None+None+64-QAM
pdf,4507.04,21.94,0.087,None,None,64-QAM,0.027815670646785542,112.676,1,None+None+64-QAM
pdf,4726.73,29.69,0.157,None,None,64-QAM,0.004970423000315278,118.16825,1,None+None+64-QAM
pdf,3454.66,16.42,0.158,None,Hamming,64-QAM,0.02112508895501187,95.00315,1,None+Hamming+64-QAM
pdf,4268.14,7.67,0.197,None,Convolutional,64-QAM,0.040937766643261486,133.379375,1,None+Convolutional+64-QAM
binary,2878.31,29.82,0.155,None,None,64-QAM,0.004815506523797063,71.95775,1,None+None+64-QAM
pdf,1379.66,19.15,0.346,None,Hamming,64-QAM,0.013095890854960096,37.940650000000005,1,None+Hamming+64-QAM
image,4553.98,23.63,0.418,None,None,64-QAM,0.02458873702214064,113.84949999999999,1,None+None+64-QAM
binary,3880.95,10.75,0.403,None,RS,64-QAM,0.047219095349128354,111.5773125,1,None+RS+64-QAM
text,3186.72,20.52,0.342,None,None,64-QAM,0.047622534726197735,79.668,1,None+None+64-QAM
text,3144.96,27.59,0.327,None,None,64-QAM,0.00924551088396269,78.62400000000001,1,None+None+64-QAM
binary,3945.17,5.83,0.189,None,RS,64-QAM,0.12423439401522628,113.42363750000001,0,None+RS+64-QAM
text,459.77,12.38,0.376,None,None,64-QAM,0.31818406449210723,11.494250000000001,0,None+None+64-QAM
text,1011.97,24.66,0.439,None,None,64-QAM,0.019684336711089073,25.29925,1,None+None+64-QAM
binary,2658.95,27.84,0.417,None,None,64-QAM,0.009320298927182237,66.47375,1,None+None+64-QAM
binary,4571.1,28.6,0.484,None,None,64-QAM,0.008193960994682718,114.27750000000002,1,None+None+64-QAM
binary,3735.33,13.47,0.066,None,Hamming,64-QAM,0.038357226025299604,102.721575,1,None+Hamming+64-QAM
image,712.38,29.16,0.431,None,None,64-QAM,0.0069454377800615315,17.8095,1,None+None+64-QAM
pdf,4836.68,25.11,0.189,None,None,64-QAM,0.014663641891385925,120.91700000000002,1,None+None+64-QAM
pdf,79.45,18.41,0.233,None,None,64-QAM,0.07112512913720653,1.98625,0,None+None+64-QAM
binary,2926.95,25.56,0.471,None,None,64-QAM,0.016355832867495652,73.17375,1,None+None+64-QAM
image,3377.43,16.79,0.314,None,Hamming,64-QAM,0.022013310135904594,92.879325,1,None+Hamming+64-QAM
binary,4577.13,10.53,0.041,None,RS,64-QAM,0.03685621399335599,131.5924875,1,None+RS+64-QAM
pdf,4547.84,12.55,0.21,None,RS,64-QAM,0.026905766051887527,130.7504,1,None+RS+64-QAM
text,236.28,5.93,0.498,None,None,64-QAM,0.5,5.907,0,None+None+64-QAM
image,494.99,27.18,0.076,None,None,64-QAM,0.008238957501290754,12.37475,1,None+None+64-QAM
pdf,1861.35,28.73,0.351,None,None,64-QAM,0.00723961281884975,46.53375,1,None+None+64-QAM
pdf,2940.83,23.16,0.444,None,None,64-QAM,0.027901476405817277,73.52075,1,None+None+64-QAM
image,4170.13,20.39,0.47,None,Hamming,64-QAM,0.01074997171969014,114.67857500000001,1,None+Hamming+64-QAM
binary,173.25,14.26,0.227,None,None,64-QAM,0.18403674950208335,4.33125,0,None+None+64-QAM
text,4278.7,7.48,0.346,None,Convolutional,64-QAM,0.04809224551501721,133.709375,1,None+Convolutional+64-QAM
binary,312.14,11.9,0.484,None,None,64-QAM,0.3832603503549716,7.8035,0,None+None+64-QAM
pdf,467.45,10.3,0.323,None,None,64-QAM,0.4938781759817676,11.686250000000001,0,None+None+64-QAM
image,262.39,13.34,0.495,None,None,64-QAM,0.2771412580023002,6.55975,0,None+None+64-QAM
text,352.36,24.13,0.112,None,None,64-QAM,0.017185603139365006,8.809000000000001,1,None+None+64-QAM
text,4067.13,10.82,0.389,None,RS,64-QAM,0.046000466615857286,116.92998750000001,1,None+RS+64-QAM
image,1393.6,29.6,0.494,None,None,64-QAM,0.0065525537001516745,34.839999999999996,1,None+None+64-QAM
binary,3994.58,7.75,0.435,None,Convolutional,64-QAM,0.04818167532011748,124.83062500000001,1,None+Convolutional+64-QAM
text,84.15,24.75,0.127,None,None,64-QAM,0.015100241997234868,2.1037500000000002,1,None+None+64-QAM
binary,88.75,11.63,0.072,None,None,64-QAM,0.29461494707810276,2.21875,0,None+None+64-QAM
pdf,2635.17,23.64,0.243,None,None,64-QAM,0.02150458767906064,65.87925,1,None+None+64-QAM
binary,2571.06,7.73,0.257,None,Convolutional,64-QAM,0.042399943058272965,80.345625,1,None+Convolutional+64-QAM
image,3638.94,27.72,0.333,None,None,64-QAM,0.009013431047521888,90.9735,1,None+None+64-QAM
binary,2295.63,29.1,0.04,None,None,64-QAM,0.005117918086579506,57.390750000000004,1,None+None+64-QAM
pdf,4238.02,15.66,0.063,None,Hamming,64-QAM,0.023100599542207556,116.54555000000002,1,None+Hamming+64-QAM
pdf,376.72,7.02,0.308,None,None,64-QAM,0.5,9.418000000000001,0,None+None+64-QAM
image,639.7,20.61,0.297,None,None,64-QAM,0.04508166707137334,15.992500000000001,1,None+None+64-QAM
binary,1910.71,19.93,0.154,None,None,64-QAM,0.04691003966291132,47.76775000000001,1,None+None+64-QAM
pdf,504.9,22.54,0.428,None,None,64-QAM,0.03182644997899183,12.6225,1,None+None+64-QAM
text,2156.05,27.2,0.213,None,None,64-QAM,0.009245295403557681,53.901250000000005,1,None+None+64-QAM
pdf,1999.66,23.24,0.163,None,None,64-QAM,0.02206173715430659,49.9915,1,None+None+64-QAM
binary,3328.89,14.36,0.085,None,Hamming,64-QAM,0.03180678147943193,91.544475,1,None+Hamming+64-QAM
pdf,345.0,25.79,0.056,None,None,64-QAM,0.011135863773726412,8.625,1,None+None+64-QAM
image,3725.5,14.32,0.074,None,Hamming,64-QAM,0.03177563720672048,102.45125,1,None+Hamming+64-QAM
image,2936.46,19.04,0.172,None,Hamming,64-QAM,0.011695467829541836,80.75265,1,None+Hamming+64-QAM
image,2059.94,26.84,0.471,None,None,64-QAM,0.012180711696286489,51.49850000000001,1,None+None+64-QAM
pdf,4341.78,23.03,0.485,None,None,64-QAM,0.029565582847748798,108.5445,1,None+None+64-QAM
binary,1764.71,19.45,0.114,None,Hamming,64-QAM,0.010115216389271677,48.529525,1,None+Hamming+64-QAM
pdf,1128.98,7.71,0.424,None,None,64-QAM,0.5,28.224500000000003,0,None+None+64-QAM
binary,583.28,11.96,0.121,None,None,64-QAM,0.2855391115751093,14.582,0,None+None+64-QAM
pdf,4227.32,29.36,0.411,None,None,64-QAM,0.006540139398139532,105.68299999999999,1,None+None+64-QAM
image,3048.88,21.45,0.35,None,None,64-QAM,0.03867174415149671,76.22200000000001,1,None+None+64-QAM
image,910.28,22.57,0.161,None,None,64-QAM,0.025697579071978807,22.757,1,None+None+64-QAM
binary,1761.61,9.54,0.08,None,RS,64-QAM,0.04802681061856476,50.6462875,1,None+RS+64-QAM
pdf,357.23,23.52,0.486,None,None,64-QAM,0.02642888253836383,8.930750000000002,1,None+None+64-QAM
image,3733.1,10.38,0.216,None,RS,64-QAM,0.04456496463953407,107.326625,1,None+RS+64-QAM
binary,795.47,12.79,0.169,None,None,64-QAM,0.2459656737642943,19.886750000000003,0,None+None+64-QAM
image,4417.88,8.89,0.38,None,Convolutional,64-QAM,0.03563765195173354,138.05875,1,None+Convolutional+64-QAM
image,3373.1,11.8,0.334,None,RS,64-QAM,0.035254602385685306,96.976625,1,None+RS+64-QAM
pdf,3039.31,15.35,0.116,None,Hamming,64-QAM,0.02604678838100243,83.581025,1,None+Hamming+64-QAM
image,1732.41,7.77,0.342,None,Convolutional,64-QAM,0.04485207208809941,54.1378125,1,None+Convolutional+64-QAM
pdf,2639.4,12.71,0.118,None,Hamming,64-QAM,0.04792165304799326,72.5835,1,None+Hamming+64-QAM
image,48.36,12.54,0.114,None,None,64-QAM,0.24828196972406796,1.209,0,None+None+64-QAM
text,3823.16,12.24,0.069,None,RS,64-QAM,0.025529228854324865,109.91585,1,None+RS+64-QAM
pdf,3737.6,9.39,0.196,None,Convolutional,64-QAM,0.0275271453035509,116.8,1,None+Convolutional+64-QAM
text,2506.31,25.83,0.405,None,None,64-QAM,0.014680346811723548,62.65775,1,None+None+64-QAM
image,1991.39,23.55,0.224,None,None,64-QAM,0.02161928910241818,49.78475,1,None+None+64-QAM
pdf,4606.6,26.55,0.292,None,None,64-QAM,0.01143727345924193,115.16500000000002,1,None+None+64-QAM
pdf,3550.4,15.44,0.066,None,Hamming,64-QAM,0.024369532153901547,97.63600000000001,1,None+Hamming+64-QAM
image,4831.34,9.3,0.474,None,Convolutional,64-QAM,0.03463597991961733,150.979375,1,None+Convolutional+64-QAM
pdf,4161.81,27.99,0.053,None,None,64-QAM,0.006690958905093845,104.04525000000001,1,None+None+64-QAM
image,1224.15,19.72,0.267,None,Hamming,64-QAM,0.010811018284789893,33.664125000000006,1,None+Hamming+64-QAM
pdf,4353.92,23.65,0.119,None,None,64-QAM,0.01931479387881078,108.84800000000001,1,None+None+64-QAM
text,391.13,20.83,0.27,None,None,64-QAM,0.0419627278385207,9.77825,1,None+None+64-QAM
text,4530.55,13.73,0.366,None,Hamming,64-QAM,0.046295703329893856,124.59012500000001,1,None+Hamming+64-QAM
text,1188.98,8.66,0.107,None,None,64-QAM,0.5,29.724500000000003,0,None+None+64-QAM
text,3803.47,21.39,0.097,None,None,64-QAM,0.03186152941225457,95.08675,1,None+None+64-QAM
pdf,2325.13,19.09,0.294,None,Hamming,64-QAM,0.012765101233585666,63.94107500000001,1,None+Hamming+64-QAM
binary,4322.59,20.68,0.084,None,None,64-QAM,0.037075692670679866,108.06475,1,None+None+64-QAM
image,2349.92,20.78,0.4,None,None,64-QAM,0.04679376902094985,58.748000000000005,1,None+None+64-QAM
image,1766.19,6.85,0.236,None,None,64-QAM,0.5,44.15475000000001,0,None+None+64-QAM
image,293.88,25.79,0.048,None,None,64-QAM,0.01105150116938,7.347,1,None+None+64-QAM
image,3078.89,17.68,0.237,None,Hamming,64-QAM,0.016883391321574914,84.669475,1,None+Hamming+64-QAM
image,2254.17,25.25,0.329,None,None,64-QAM,0.015870294002167877,56.35425000000001,1,None+None+64-QAM
binary,3028.98,17.53,0.479,None,Hamming,64-QAM,0.020895759494358693,83.29695000000001,1,None+Hamming+64-QAM
pdf,526.47,27.48,0.178,None,None,64-QAM,0.008417929452702859,13.161750000000001,1,None+None+64-QAM
image,2527.7,9.31,0.131,None,Convolutional,64-QAM,0.02651505916869871,78.990625,1,None+Convolutional+64-QAM
pdf,4955.02,18.1,0.309,None,Hamming,64-QAM,0.016219207633251503,136.26305000000002,1,None+Hamming+64-QAM
binary,1870.53,12.07,0.21,None,RS,64-QAM,0.030050061256735074,53.7777375,1,None+RS+64-QAM
binary,3397.7,6.31,0.319,None,RS,64-QAM,0.12339705271166755,97.683875,0,None+RS+64-QAM
binary,338.9,7.36,0.342,None,None,64-QAM,0.5,8.4725,0,None+None+64-QAM
binary,1267.46,26.29,0.483,None,None,64-QAM,0.01393802189327216,31.686500000000002,1,None+None+64-QAM
text,1673.48,19.57,0.079,None,None,64-QAM,0.04765203323497347,41.837,1,None+None+64-QAM
binary,1558.06,21.4,0.334,None,None,64-QAM,0.038655902829601504,38.9515,1,None+None+64-QAM
text,2979.26,28.45,0.162,None,None,64-QAM,0.00664149911915961,74.48150000000001,1,None+None+64-QAM
pdf,3221.03,13.21,0.073,None,Hamming,64-QAM,0.04099111285077617,88.57832500000002,1,None+Hamming+64-QAM
image,3233.66,15.59,0.187,None,Hamming,64-QAM,0.02621444732266841,88.92564999999999,1,None+Hamming+64-QAM
binary,1551.24,28.78,0.177,None,None,64-QAM,0.00623499994769648,38.781000000000006,1,None+None+64-QAM
pdf,968.11,30.0,0.086,None,None,64-QAM,0.004344000000000001,24.20275,1,None+None+64-QAM
binary,4223.7,7.53,0.388,None,Convolutional,64-QAM,0.04902520990224792,131.990625,1,None+Convolutional+64-QAM
image,3313.03,26.91,0.313,None,None,64-QAM,0.010698544992110436,82.82575000000001,1,None+None+64-QAM
pdf,779.72,9.52,0.349,None,None,64-QAM,0.5,19.493000000000002,0,None+None+64-QAM
text,3608.7,6.09,0.189,None,RS,64-QAM,0.11701508325326118,103.750125,0,None+RS+64-QAM
text,4848.25,20.26,0.379,None,Hamming,64-QAM,0.01039092602883998,133.326875,1,None+Hamming+64-QAM
pdf,1177.67,10.98,0.483,None,RS,64-QAM,0.047337044848736375,33.8580125,1,None+RS+64-QAM
pdf,4520.83,9.85,0.342,None,Convolutional,64-QAM,0.027783215753673592,141.2759375,1,None+Convolutional+64-QAM
pdf,2313.78,12.04,0.197,None,RS,64-QAM,0.029933268530099838,66.52117500000001,1,None+RS+64-QAM
pdf,4831.68,25.42,0.403,None,None,64-QAM,0.016110820626322554,120.79200000000002,1,None+None+64-QAM
text,4366.28,6.3,0.245,None,RS,64-QAM,0.11674259500293212,125.53055,0,None+RS+64-QAM
binary,2777.16,7.56,0.424,None,Convolutional,64-QAM,0.04995051669245336,86.78625,1,None+Convolutional+64-QAM
image,1432.46,24.08,0.144,None,None,64-QAM,0.01788487939146032,35.8115,1,None+None+64-QAM
text,4156.92,7.29,0.456,None,RS,64-QAM,0.10869795319421119,119.51145,0,None+RS+64-QAM
pdf,4424.3,28.26,0.213,None,None,64-QAM,0.007243038475277288,110.60750000000002,1,None+None+64-QAM
pdf,2515.02,10.89,0.497,None,RS,64-QAM,0.04878449252716788,72.306825,1,None+RS+64-QAM
binary,1130.45,12.97,0.059,None,Hamming,64-QAM,0.042754905129582105,31.087375000000005,1,None+Hamming+64-QAM
binary,3958.99,8.44,0.151,None,Convolutional,64-QAM,0.03296896544127697,123.7184375,1,None+Convolutional+64-QAM
pdf,3483.4,8.47,0.356,None,Convolutional,64-QAM,0.03857355670677087,108.85625000000002,1,None+Convolutional+64-QAM
pdf,3080.59,27.65,0.019,None,None,64-QAM,0.007002194586054333,77.01475,1,None+None+64-QAM
text,4176.47,18.72,0.366,None,Hamming,64-QAM,0.014673735495314581,114.85292500000001,1,None+Hamming+64-QAM
pdf,564.82,12.2,0.158,None,None,64-QAM,0.27910560026964254,14.120500000000002,0,None+None+64-QAM
image,1199.81,20.97,0.315,None,None,64-QAM,0.04207128181336969,29.99525,1,None+None+64-QAM
image,563.18,27.63,0.302,None,None,64-QAM,0.008988163741484983,14.0795,1,None+None+64-QAM
image,3163.46,19.38,0.362,None,Hamming,64-QAM,0.012568026697218624,86.99515,1,None+Hamming+64-QAM
binary,2151.9,20.37,0.128,None,None,64-QAM,0.041435166753339185,53.79750000000001,1,None+None+64-QAM
pdf,944.7,21.71,0.267,None,None,64-QAM,0.03418508044373066,23.617500000000003,1,None+None+64-QAM
binary,347.72,18.15,0.259,None,None,64-QAM,0.07710556457030704,8.693000000000001,0,None+None+64-QAM
image,1958.36,16.75,0.321,None,Hamming,64-QAM,0.02233535217299368,53.8549,1,None+Hamming+64-QAM
binary,1275.71,5.41,0.396,None,None,64-QAM,0.5,31.892750000000003,0,None+None+64-QAM
binary,1213.22,21.43,0.061,None,None,64-QAM,0.030533414626477018,30.3305,1,None+None+64-QAM
binary,675.71,13.81,0.176,None,None,64-QAM,0.19564435117638798,16.892750000000003,0,None+None+64-QAM
text,4153.61,22.12,0.491,None,None,64-QAM,0.03660476598802831,103.84025,1,None+None+64-QAM
pdf,3162.36,25.29,0.041,None,None,64-QAM,0.012317163910720639,79.05900000000001,1,None+None+64-QAM
pdf,194.55,10.04,0.398,None,None,64-QAM,0.5,4.8637500000000005,0,None+None+64-QAM
image,1584.82,12.75,0.205,None,RS,64-QAM,0.025588630211933645,45.563575,1,None+RS+64-QAM
pdf,1274.04,23.83,0.104,None,None,64-QAM,0.0182822256400393,31.851,1,None+None+64-QAM
binary,4312.07,6.2,0.331,None,RS,64-QAM,0.12771386460859765,123.9720125,0,None+RS+64-QAM
binary,631.13,14.2,0.446,None,None,64-QAM,0.21990154683181262,15.77825,0,None+None+64-QAM
pdf,4474.24,14.67,0.487,None,Hamming,64-QAM,0.040588308766544616,123.04159999999999,1,None+Hamming+64-QAM
pdf,3463.42,14.18,0.401,None,Hamming,64-QAM,0.04280831387575243,95.24405000000002,1,None+Hamming+64-QAM
binary,4007.73,23.18,0.049,None,None,64-QAM,0.020176019060950606,100.19325,1,None+None+64-QAM
text,2731.92,13.03,0.049,None,Hamming,64-QAM,0.04177009617143232,75.12780000000001,1,None+Hamming+64-QAM
binary,1539.41,20.07,0.219,None,None,64-QAM,0.04798038151691287,38.48525000000001,1,None+None+64-QAM
pdf,1764.22,6.06,0.436,None,None,64-QAM,0.5,44.105500000000006,0,None+None+64-QAM
binary,3078.11,15.87,0.323,None,Hamming,64-QAM,0.027393645493980323,84.648025,1,None+Hamming+64-QAM
image,384.46,20.94,0.188,None,None,64-QAM,0.03827158352577961,9.6115,1,None+None+64-QAM
text,4764.42,8.57,0.308,None,Convolutional,64-QAM,0.03636116083254133,148.888125,1,None+Convolutional+64-QAM
pdf,183.65,6.68,0.391,None,None,64-QAM,0.5,4.5912500000000005,0,None+None+64-QAM
binary,1817.13,28.74,0.026,None,None,64-QAM,0.005485387999906603,45.428250000000006,1,None+None+64-QAM
text,3398.52,28.72,0.192,None,None,64-QAM,0.006402303334705336,84.96300000000001,1,None+None+64-QAM
image,2873.87,18.24,0.205,None,Hamming,64-QAM,0.014456961814242886,79.031425,1,None+Hamming+64-QAM
binary,1255.56,7.84,0.37,None,None,64-QAM,0.5,31.389,0,None+None+64-QAM
pdf,2593.55,27.84,0.068,None,None,64-QAM,0.007024756001574191,64.83875,1,None+None+64-QAM
binary,3523.15,10.36,0.31,None,RS,64-QAM,0.048231557559866176,101.29056250000002,1,None+RS+64-QAM
pdf,1008.89,8.39,0.046,None,None,64-QAM,0.5,25.222250000000003,0,None+None+64-QAM
text,4494.41,16.13,0.053,None,Hamming,64-QAM,0.020536118333938373,123.596275,1,None+Hamming+64-QAM
binary,3342.52,22.74,0.279,None,None,64-QAM,0.02722265854408919,83.563,1,None+None+64-QAM
binary,4457.75,26.28,0.359,None,None,64-QAM,0.012802047907258704,111.44375000000001,1,None+None+64-QAM
text,3970.54,17.72,0.069,None,Hamming,64-QAM,0.014456650847413204,109.18985,1,None+Hamming+64-QAM
text,3962.41,10.92,0.252,None,RS,64-QAM,0.04051952263085338,113.9192875,1,None+RS+64-QAM
binary,2774.57,14.22,0.404,None,Hamming,64-QAM,0.0425066711154239,76.30067500000001,1,None+Hamming+64-QAM
text,3063.62,7.16,0.162,None,Convolutional,64-QAM,0.044692651779872083,95.738125,1,None+Convolutional+64-QAM
pdf,2633.22,24.23,0.413,None,None,64-QAM,0.021340380231104513,65.8305,1,None+None+64-QAM
image,635.38,12.93,0.046,None,None,64-QAM,0.2131040364503306,15.884500000000001,0,None+None+64-QAM
pdf,3403.74,13.61,0.44,None,RS,64-QAM,0.02508548392428875,97.85752500000001,1,None+RS+64-QAM
text,3841.23,8.23,0.256,None,Convolutional,64-QAM,0.03775892618818136,120.03843750000001,1,None+Convolutional+64-QAM
image,4158.64,17.95,0.159,None,Hamming,64-QAM,0.014865291262478068,114.36260000000001,1,None+Hamming+64-QAM
text,1620.08,22.73,0.18,None,None,64-QAM,0.025173407067015697,40.502,1,None+None+64-QAM
binary,4231.21,11.27,0.321,None,RS,64-QAM,0.03944235239438792,121.6472875,1,None+RS+64-QAM
binary,634.6,12.57,0.271,None,None,64-QAM,0.28132319552528046,15.865000000000002,0,None+None+64-QAM
text,2963.12,19.52,0.094,None,None,64-QAM,0.04887393572287736,74.078,1,None+None+64-QAM
binary,4214.22,19.09,0.414,None,Hamming,64-QAM,0.013948881873485417,115.89105,1,None+Hamming+64-QAM
image,415.3,28.71,0.388,None,None,64-QAM,0.0074722166857186245,10.3825,1,None+None+64-QAM
binary,3259.14,24.17,0.214,None,None,64-QAM,0.018589969535464896,81.4785,1,None+None+64-QAM
image,2495.21,20.68,0.152,None,None,64-QAM,0.0394014741297262,62.380250000000004,1,None+None+64-QAM
binary,2419.89,25.12,0.346,None,None,64-QAM,0.016561705250563972,60.49725,1,None+None+64-QAM
binary,2273.19,22.22,0.087,None,None,64-QAM,0.02607891599558955,56.829750000000004,1,None+None+64-QAM
pdf,2426.41,10.1,0.307,None,Convolutional,64-QAM,0.02554498095578489,75.8253125,1,None+Convolutional+64-QAM
binary,4308.81,12.98,0.494,None,RS,64-QAM,0.030089196381165185,123.87828750000003,1,None+RS+64-QAM
binary,4877.12,8.27,0.192,None,Convolutional,64-QAM,0.03550636809262822,152.41,1,None+Convolutional+64-QAM
image,1602.39,16.66,0.141,None,Hamming,64-QAM,0.019695890966745545,44.06572500000001,1,None+Hamming+64-QAM
text,712.98,6.27,0.473,None,None,64-QAM,0.5,17.8245,0,None+None+64-QAM
pdf,1248.87,26.63,0.088,None,None,64-QAM,0.00945559553041502,31.22175,1,None+None+64-QAM
binary,4669.42,23.03,0.103,None,None,64-QAM,0.021960160189270658,116.7355,1,None+None+64-QAM
text,2496.35,17.87,0.254,None,Hamming,64-QAM,0.016382777141275957,68.649625,1,None+Hamming+64-QAM
binary,2491.88,7.25,0.203,None,Convolutional,64-QAM,0.04532059709312461,77.87125,1,None+Convolutional+64-QAM
pdf,4833.77,10.38,0.183,None,RS,64-QAM,0.04335555359257304,138.9708875,1,None+RS+64-QAM
image,1413.97,19.94,0.423,None,Hamming,64-QAM,0.011542367215226354,38.884175000000006,1,None+Hamming+64-QAM
pdf,1435.88,5.2,0.063,None,None,64-QAM,0.5,35.897000000000006,0,None+None+64-QAM
text,4413.45,23.19,0.384,None,None,64-QAM,0.02655804371652711,110.33625,1,None+None+64-QAM
binary,235.76,6.28,0.285,None,None,64-QAM,0.5,5.894,0,None+None+64-QAM
binary,2770.58,6.84,0.257,None,RS,64-QAM,0.10408670701721363,79.654175,0,None+RS+64-QAM
binary,4128.3,20.58,0.309,None,None,64-QAM,0.04581415047090857,103.20750000000001,1,None+None+64-QAM
text,4875.66,14.85,0.399,None,Hamming,64-QAM,0.03663597057083958,134.08065000000002,1,None+Hamming+64-QAM
binary,2793.58,14.14,0.081,None,Hamming,64-QAM,0.033336168370935934,76.82345000000001,1,None+Hamming+64-QAM
pdf,2505.39,6.13,0.077,None,Hamming,64-QAM,0.2100417801106517,68.898225,0,None+Hamming+64-QAM
binary,4021.79,17.98,0.083,None,Hamming,64-QAM,0.013794896411171337,110.599225,1,None+Hamming+64-QAM
text,1646.55,20.33,0.09,None,None,64-QAM,0.040409780299339636,41.16375,1,None+None+64-QAM
binary,2972.69,17.68,0.26,None,Hamming,64-QAM,0.017197310481151484,81.748975,1,None+Hamming+64-QAM
pdf,3546.61,12.49,0.41,None,RS,64-QAM,0.03178916378858382,101.96503750000002,1,None+RS+64-QAM
binary,1662.89,7.74,0.214,None,Convolutional,64-QAM,0.04085532620279095,51.9653125,1,None+Convolutional+64-QAM
binary,3985.81,23.13,0.347,None,None,64-QAM,0.02620762024265597,99.64525,1,None+None+64-QAM
image,2988.58,11.64,0.331,None,RS,64-QAM,0.03649539317633969,85.921675,1,None+RS+64-QAM
text,3609.79,19.59,0.094,None,None,64-QAM,0.04809249553356711,90.24475000000001,1,None+None+64-QAM
pdf,747.4,22.02,0.025,None,None,64-QAM,0.025750392711346035,18.685,1,None+None+64-QAM
image,962.01,16.03,0.215,None,None,64-QAM,0.12123730372942754,24.050250000000002,0,None+None+64-QAM
pdf,3455.6,15.26,0.39,None,Hamming,64-QAM,0.03312110269525259,95.029,1,None+Hamming+64-QAM
pdf,4365.36,23.4,0.041,None,None,64-QAM,0.0190331522155634,109.134,1,None+None+64-QAM
text,2598.23,19.02,0.499,None,Hamming,64-QAM,0.015027668969897465,71.45132500000001,1,None+Hamming+64-QAM
pdf,2632.13,12.84,0.095,None,Hamming,64-QAM,0.045551649296336,72.38357500000001,1,None+Hamming+64-QAM
binary,2735.9,21.9,0.435,None,None,64-QAM,0.03706055274658923,68.39750000000001,1,None+None+64-QAM
binary,3054.28,9.81,0.131,None,RS,64-QAM,0.04726314271754899,87.81055,1,None+RS+64-QAM
binary,1132.09,29.32,0.156,None,None,64-QAM,0.005407765184075883,28.30225,1,None+None+64-QAM
binary,3527.46,22.26,0.25,None,None,64-QAM,0.029714607930778632,88.18650000000001,1,None+None+64-QAM
pdf,1750.53,28.34,0.4,None,None,64-QAM,0.008207067909353102,43.76325,1,None+None+64-QAM
binary,1446.07,19.34,0.276,None,Hamming,64-QAM,0.011883398508222297,39.766925,1,None+Hamming+64-QAM
pdf,4093.7,28.87,0.404,None,None,64-QAM,0.0072849587858458955,102.3425,1,None+None+64-QAM
binary,219.91,28.88,0.049,None,None,64-QAM,0.005430445750724142,5.49775,1,None+None+64-QAM
pdf,3283.3,23.68,0.115,None,None,64-QAM,0.01911326400972581,82.08250000000001,1,None+None+64-QAM
binary,4665.79,22.4,0.077,None,None,64-QAM,0.024789952500484734,116.64475,1,None+None+64-QAM
text,1219.87,21.75,0.27,None,None,64-QAM,0.03395187101248564,30.49675,1,None+None+64-QAM
text,271.93,15.33,0.362,None,None,64-QAM,0.15967506400123752,6.79825,0,None+None+64-QAM
image,3409.15,8.44,0.483,None,Convolutional,64-QAM,0.04247869309245331,106.5359375,1,None+Convolutional+64-QAM
text,2040.47,28.38,0.44,None,None,64-QAM,0.008364162917305394,51.011750000000006,1,None+None+64-QAM
pdf,3256.19,23.9,0.151,None,None,64-QAM,0.018755787990101365,81.40475,1,None+None+64-QAM
binary,3233.03,27.7,0.054,None,None,64-QAM,0.007159795238778714,80.82575000000001,1,None+None+64-QAM
text,2680.41,23.08,0.469,None,None,64-QAM,0.028912243116642065,67.01025,1,None+None+64-QAM
text,2095.25,25.94,0.468,None,None,64-QAM,0.01495498724317935,52.38125,1,None+None+64-QAM
image,4985.89,14.92,0.253,None,Hamming,64-QAM,0.032287993563825154,137.11197500000003,1,None+Hamming+64-QAM
binary,4384.95,5.23,0.288,None,RS,64-QAM,0.1545168529782438,126.0673125,0,None+RS+64-QAM
image,4642.99,13.38,0.233,None,Hamming,64-QAM,0.045295291986228725,127.68222499999999,1,None+Hamming+64-QAM
pdf,4447.41,8.35,0.257,None,Convolutional,64-QAM,0.0367591341658419,138.9815625,1,None+Convolutional+64-QAM
binary,972.13,7.82,0.09,None,None,64-QAM,0.5,24.303250000000002,0,None+None+64-QAM
pdf,3244.94,22.96,0.017,None,None,64-QAM,0.020576947250286665,81.1235,1,None+None+64-QAM
binary,3955.93,19.19,0.381,None,Hamming,64-QAM,0.013313237069227619,108.788075,1,None+Hamming+64-QAM
text,3058.66,20.97,0.209,None,None,64-QAM,0.0386799845721399,76.4665,1,None+None+64-QAM
pdf,2581.25,7.17,0.338,None,RS,64-QAM,0.10268715100067392,74.2109375,0,None+RS+64-QAM
text,4908.61,16.94,0.469,None,Hamming,64-QAM,0.023774521387827038,134.986775,1,None+Hamming+64-QAM
image,1311.32,10.89,0.379,None,RS,64-QAM,0.04493908830658952,37.700450000000004,1,None+RS+64-QAM
binary,1516.71,23.07,0.016,None,None,64-QAM,0.020042583392728595,37.917750000000005,1,None+None+64-QAM
binary,3466.92,6.55,0.068,None,Convolutional,64-QAM,0.047271702997176424,108.34125,1,None+Convolutional+64-QAM
binary,806.99,22.15,0.462,None,None,64-QAM,0.0356457177506051,20.174750000000003,1,None+None+64-QAM
binary,3454.55,20.97,0.471,None,None,64-QAM,0.04706224756461356,86.36375000000001,1,None+None+64-QAM
binary,3076.98,10.48,0.075,None,RS,64-QAM,0.03850068491863253,88.463175,1,None+RS+64-QAM
text,2280.34,29.72,0.193,None,None,64-QAM,0.0050897966905107915,57.008500000000005,1,None+None+64-QAM
pdf,3789.18,25.05,0.415,None,None,64-QAM,0.01769360921792159,94.7295,1,None+None+64-QAM
text,3404.91,19.9,0.396,None,Hamming,64-QAM,0.01142813613779147,93.635025,1,None+Hamming+64-QAM
pdf,2645.58,14.04,0.459,None,Hamming,64-QAM,0.04604105629822651,72.75345,1,None+Hamming+64-QAM
image,318.17,18.69,0.258,None,None,64-QAM,0.068036291379936,7.954250000000001,0,None+None+64-QAM
text,831.04,26.36,0.227,None,None,64-QAM,0.011347613990181818,20.776,1,None+None+64-QAM
text,3587.42,17.22,0.45,None,Hamming,64-QAM,0.0220017886860493,98.65405000000001,1,None+Hamming+64-QAM
pdf,4045.37,16.34,0.261,None,Hamming,64-QAM,0.023431768801650505,111.24767500000002,1,None+Hamming+64-QAM
pdf,2823.92,18.97,0.34,None,Hamming,64-QAM,0.013589228001996113,77.6578,1,None+Hamming+64-QAM
binary,3619.17,14.9,0.41,None,Hamming,64-QAM,0.03650136450166207,99.52717500000001,1,None+Hamming+64-QAM
text,2895.77,6.13,0.179,None,RS,64-QAM,0.11496715819427038,83.2533875,0,None+RS+64-QAM
image,2710.41,6.51,0.448,None,RS,64-QAM,0.12936850314634438,77.92428749999999,0,None+RS+64-QAM
pdf,168.36,15.22,0.387,None,None,64-QAM,0.16677711326981423,4.2090000000000005,0,None+None+64-QAM
pdf,1878.56,27.28,0.23,None,None,64-QAM,0.009203756130599735,46.964,1,None+None+64-QAM
pdf,1884.47,22.07,0.334,None,None,64-QAM,0.03312957166651621,47.11175,1,None+None+64-QAM
text,3271.14,13.69,0.097,None,Hamming,64-QAM,0.03752291888866321,89.95635000000001,1,None+Hamming+64-QAM
pdf,2648.92,23.2,0.119,None,None,64-QAM,0.0214234829323613,66.223,1,None+None+64-QAM
image,3783.34,29.46,0.237,None,None,64-QAM,0.005603116997289535,94.58350000000002,1,None+None+64-QAM
pdf,2664.35,25.58,0.131,None,None,64-QAM,0.012517644003841684,66.60875,1,None+None+64-QAM
binary,784.06,9.71,0.439,None,None,64-QAM,0.5,19.6015,0,None+None+64-QAM
image,170.76,21.5,0.311,None,None,64-QAM,0.0371246769331042,4.269,1,None+None+64-QAM
image,1210.92,6.68,0.301,None,None,64-QAM,0.5,30.273000000000003,0,None+None+64-QAM
pdf,2992.95,22.58,0.034,None,None,64-QAM,0.022833922888652127,74.82375,1,None+None+64-QAM
image,2017.3,10.86,0.116,None,RS,64-QAM,0.03662049293888311,57.997375000000005,1,None+RS+64-QAM
image,709.28,29.84,0.125,None,None,64-QAM,0.004668877871181057,17.732,1,None+None+64-QAM
binary,2891.6,24.31,0.411,None,None,64-QAM,0.020921219937408586,72.29,1,None+None+64-QAM
text,1515.8,8.58,0.334,None,Convolutional,64-QAM,0.03699864551430199,47.368750000000006,1,None+Convolutional+64-QAM
text,2073.67,11.88,0.283,None,RS,64-QAM,0.03328791912969558,59.618012500000006,1,None+RS+64-QAM
text,3133.71,15.68,0.253,None,Hamming,64-QAM,0.02710447864182705,86.17702500000001,1,None+Hamming+64-QAM
binary,4708.52,21.78,0.395,None,None,64-QAM,0.03703686332842652,117.71300000000002,1,None+None+64-QAM
binary,3484.58,15.21,0.157,None,Hamming,64-QAM,0.02788838375986673,95.82595,1,None+Hamming+64-QAM
text,3774.54,16.84,0.426,None,Hamming,64-QAM,0.023616172507008214,103.79985,1,None+Hamming+64-QAM
binary,4289.13,8.61,0.237,None,Convolutional,64-QAM,0.03407216226043624,134.0353125,1,None+Convolutional+64-QAM
image,2816.31,29.19,0.283,None,None,64-QAM,0.0061842444459880635,70.40775000000001,1,None+None+64-QAM
text,1948.21,11.37,0.172,None,RS,64-QAM,0.034196968080734184,56.01103750000001,1,None+RS+64-QAM
image,4611.91,26.18,0.055,None,None,64-QAM,0.010169800909057433,115.29775000000001,1,None+None+64-QAM
text,267.17,14.43,0.306,None,None,64-QAM,0.18836628311450596,6.679250000000001,0,None+None+64-QAM
image,4369.37,9.7,0.383,None,Convolutional,64-QAM,0.0296382239828722,136.5428125,1,None+Convolutional+64-QAM
text,2402.18,26.74,0.173,None,None,64-QAM,0.009939350446585973,60.0545,1,None+None+64-QAM
image,1066.92,9.75,0.373,None,None,64-QAM,0.5,26.673000000000002,0,None+None+64-QAM
pdf,4573.06,22.39,0.355,None,None,64-QAM,0.03126074231586,114.32650000000001,1,None+None+64-QAM
pdf,4576.48,18.8,0.39,None,Hamming,64-QAM,0.014659014932747245,125.85319999999999,1,None+Hamming+64-QAM
pdf,2336.59,21.22,0.161,None,None,64-QAM,0.03506648305278277,58.414750000000005,1,None+None+64-QAM
binary,2568.95,17.43,0.058,None,Hamming,64-QAM,0.015295921802556492,70.646125,1,None+Hamming+64-QAM
pdf,3810.53,13.01,0.11,None,Hamming,64-QAM,0.0444030667059557,104.78957500000001,1,None+Hamming+64-QAM
binary,2075.51,19.06,0.118,None,Hamming,64-QAM,0.011105338239106526,57.07652500000001,1,None+Hamming+64-QAM
text,90.94,18.83,0.296,None,None,64-QAM,0.06786799088828929,2.2735,0,None+None+64-QAM
pdf,1483.01,9.9,0.123,None,RS,64-QAM,0.045966321213251476,42.6365375,1,None+RS+64-QAM
text,2501.51,21.37,0.346,None,None,64-QAM,0.039273992352105984,62.53775000000001,1,None+None+64-QAM
binary,3819.17,17.22,0.365,None,Hamming,64-QAM,0.020712028659625722,105.02717500000001,1,None+Hamming+64-QAM
pdf,2309.54,23.32,0.183,None,None,64-QAM,0.022031533945506426,57.7385,1,None+None+64-QAM
text,3604.36,17.21,0.459,None,Hamming,64-QAM,0.022189385683264756,99.11990000000002,1,None+Hamming+64-QAM
image,2624.48,25.98,0.046,None,None,64-QAM,0.010558243552058729,65.61200000000001,1,None+None+64-QAM
image,3824.05,15.31,0.423,None,Hamming,64-QAM,0.03351929587916509,105.161375,1,None+Hamming+64-QAM
text,349.16,8.78,0.117,None,None,64-QAM,0.5,8.729000000000001,0,None+None+64-QAM
pdf,1872.27,20.45,0.337,None,None,64-QAM,0.04821602443916658,46.80675,1,None+None+64-QAM
pdf,3299.83,5.39,0.271,None,RS,64-QAM,0.1469621652194608,94.8701125,0,None+RS+64-QAM
pdf,69.14,18.24,0.145,None,None,64-QAM,0.06868556546600874,1.7285000000000001,0,None+None+64-QAM
binary,95.54,25.33,0.34,None,None,64-QAM,0.015709587794541725,2.3885,1,None+None+64-QAM
text,544.01,7.41,0.083,None,None,64-QAM,0.5,13.60025,0,None+None+64-QAM
text,3102.71,11.31,0.184,None,RS,64-QAM,0.03502770582675815,89.20291250000001,1,None+RS+64-QAM
pdf,404.31,28.98,0.235,None,None,64-QAM,0.0062477975565074844,10.107750000000001,1,None+None+64-QAM
text,4951.26,10.65,0.345,None,RS,64-QAM,0.046321463867531526,142.348725,1,None+RS+64-QAM
image,3272.14,26.46,0.382,None,None,64-QAM,0.01249016093778157,81.8035,1,None+None+64-QAM
image,2032.34,14.43,0.243,None,Hamming,64-QAM,0.03585594026207211,55.88935,1,None+Hamming+64-QAM
image,3517.2,7.07,0.424,None,RS,64-QAM,0.11183300136858121,101.1195,0,None+RS+64-QAM
binary,2833.62,26.45,0.057,None,None,64-QAM,0.009574916132503455,70.8405,1,None+None+64-QAM
image,1156.53,27.53,0.349,None,None,64-QAM,0.009529540080422541,28.91325,1,None+None+64-QAM
pdf,1362.76,28.1,0.345,None,None,64-QAM,0.008332633409749149,34.069,1,None+None+64-QAM
binary,4497.57,19.09,0.026,None,Hamming,64-QAM,0.010121324471142886,123.683175,1,None+Hamming+64-QAM
binary,88.13,10.18,0.081,None,None,64-QAM,0.4148448330674895,2.20325,0,None+None+64-QAM
pdf,4645.09,12.48,0.286,None,RS,64-QAM,0.029060357984344844,133.5463375,1,None+RS+64-QAM
pdf,3388.4,18.51,0.198,None,Hamming,64-QAM,0.013506623844075243,93.18100000000001,1,None+Hamming+64-QAM
text,3954.59,22.23,0.048,None,None,64-QAM,0.025085414064928608,98.86475000000002,1,None+None+64-QAM
binary,277.95,15.93,0.421,None,None,64-QAM,0.14509554204326527,6.94875,0,None+None+64-QAM
binary,3029.79,20.35,0.302,None,None,64-QAM,0.048047519926220056,75.74475,1,None+None+64-QAM
binary,157.83,11.83,0.496,None,None,64-QAM,0.39263732735565854,3.9457500000000003,0,None+None+64-QAM
pdf,1148.41,18.83,0.194,None,Hamming,64-QAM,0.012505305728490344,31.581275,1,None+Hamming+64-QAM
text,3401.68,21.52,0.052,None,None,64-QAM,0.029653484342137534,85.042,1,None+None+64-QAM
binary,3992.3,22.83,0.05,None,None,64-QAM,0.021890177866413382,99.8075,1,None+None+64-QAM
text,1906.2,24.6,0.086,None,None,64-QAM,0.015062248783657977,47.655,1,None+None+64-QAM
pdf,1590.22,7.66,0.013,None,Convolutional,64-QAM,0.03472477505012069,49.69437500000001,1,None+Convolutional+64-QAM
binary,2229.23,24.03,0.06,None,None,64-QAM,0.016763544690888622,55.73075,1,None+None+64-QAM
image,945.08,16.22,0.282,None,None,64-QAM,0.12244696258778777,23.627000000000002,0,None+None+64-QAM
pdf,525.43,7.24,0.282,None,None,64-QAM,0.5,13.13575,0,None+None+64-QAM
binary,4319.95,5.31,0.213,None,RS,64-QAM,0.14286333767191592,124.19856250000001,0,None+RS+64-QAM
image,3626.97,18.99,0.496,None,Hamming,64-QAM,0.015101551933981154,99.741675,1,None+Hamming+64-QAM
text,2864.08,9.24,0.197,None,Convolutional,64-QAM,0.02851833367217535,89.5025,1,None+Convolutional+64-QAM
text,1351.91,11.71,0.082,None,RS,64-QAM,0.029193573038766064,38.8674125,1,None+RS+64-QAM
text,2179.03,15.53,0.247,None,Hamming,64-QAM,0.027922637644672406,59.923325000000006,1,None+Hamming+64-QAM
image,1812.01,28.61,0.363,None,None,64-QAM,0.0075085460244098,45.300250000000005,1,None+None+64-QAM
pdf,2973.09,9.89,0.062,None,RS,64-QAM,0.04356969382715979,85.4763375,1,None+RS+64-QAM
binary,43.77,14.89,0.422,None,None,64-QAM,0.1844843743483098,1.0942500000000002,0,None+None+64-QAM
pdf,4022.34,13.24,0.174,None,Hamming,64-QAM,0.044540807255642176,110.61435000000002,1,None+Hamming+64-QAM
text,1509.17,20.08,0.351,None,Hamming,64-QAM,0.010610731768159992,41.502175,1,None+Hamming+64-QAM
pdf,1577.77,29.11,0.485,None,None,64-QAM,0.007290989033080938,39.444250000000004,1,None+None+64-QAM
binary,3677.02,20.82,0.484,None,None,64-QAM,0.04914664683796417,91.9255,1,None+None+64-QAM
text,1636.17,12.01,0.395,None,RS,64-QAM,0.03512644500343162,47.039887500000006,1,None+RS+64-QAM
binary,578.3,19.1,0.3,None,None,64-QAM,0.06397397608224382,14.4575,0,None+None+64-QAM
text,3411.75,18.75,0.477,None,Hamming,64-QAM,0.015756889242441837,93.823125,1,None+Hamming+64-QAM
pdf,4715.44,10.24,0.401,None,Convolutional,64-QAM,0.02651356526146952,147.3575,1,None+Convolutional+64-QAM
image,4096.64,24.89,0.21,None,None,64-QAM,0.015698037479708507,102.41600000000001,1,None+None+64-QAM
pdf,704.5,12.57,0.134,None,None,64-QAM,0.2509996095402581,17.6125,0,None+None+64-QAM
text,3579.03,24.73,0.046,None,None,64-QAM,0.014079644062670536,89.47575,1,None+None+64-QAM
pdf,2915.4,18.36,0.463,None,Hamming,64-QAM,0.017073962102262686,80.1735,1,None+Hamming+64-QAM
pdf,2722.79,24.77,0.186,None,None,64-QAM,0.01581774902148787,68.06975,1,None+None+64-QAM
image,555.75,11.21,0.336,None,None,64-QAM,0.4044514990992087,13.89375,0,None+None+64-QAM
text,3238.53,6.11,0.492,None,RS,64-QAM,0.14616009427329443,93.10773750000001,0,None+RS+64-QAM
pdf,4834.39,13.29,0.4,None,RS,64-QAM,0.026253549400134857,138.98871250000002,1,None+RS+64-QAM
image,62.63,11.47,0.26,None,None,64-QAM,0.3592779271837658,1.5657500000000002,0,None+None+64-QAM
text,2234.43,14.78,0.388,None,Hamming,64-QAM,0.03693851679776626,61.446825,1,None+Hamming+64-QAM
text,1731.39,5.61,0.061,None,None,64-QAM,0.5,43.28475,0,None+None+64-QAM
pdf,4603.53,7.15,0.417,None,RS,64-QAM,0.10925211207966223,132.3514875,0,None+RS+64-QAM
text,1748.16,13.58,0.394,None,Hamming,64-QAM,0.0489049434158664,48.07440000000001,1,None+Hamming+64-QAM
pdf,1748.02,7.44,0.364,None,Convolutional,64-QAM,0.04918632397064904,54.62562500000001,1,None+Convolutional+64-QAM
pdf,1601.36,12.51,0.407,None,RS,64-QAM,0.031575780091107446,46.0391,1,None+RS+64-QAM
image,122.7,13.58,0.064,None,None,64-QAM,0.18663866497303389,3.0675000000000003,0,None+None+64-QAM
text,4650.31,23.51,0.263,None,None,64-QAM,0.022514553669041863,116.25775000000002,1,None+None+64-QAM
text,1661.64,15.66,0.236,None,Hamming,64-QAM,0.026860151490280842,45.695100000000004,1,None+Hamming+64-QAM
pdf,3152.5,9.66,0.332,None,Convolutional,64-QAM,0.028809400462577073,98.515625,1,None+Convolutional+64-QAM
pdf,155.67,20.35,0.107,None,None,64-QAM,0.0408514627944129,3.89175,1,None+None+64-QAM
pdf,1950.29,22.62,0.111,None,None,64-QAM,0.024309389391008098,48.75725,1,None+None+64-QAM
image,2890.97,24.99,0.273,None,None,64-QAM,0.01613943752181747,72.27425,1,None+None+64-QAM
binary,1636.66,16.44,0.139,None,Hamming,64-QAM,0.02068300853036538,45.00815000000001,1,None+Hamming+64-QAM
pdf,2643.3,20.98,0.303,None,None,64-QAM,0.04159148310040695,66.08250000000001,1,None+None+64-QAM
pdf,2939.15,13.7,0.424,None,Hamming,64-QAM,0.04859593878187745,80.826625,1,None+Hamming+64-QAM
text,4070.55,22.65,0.156,None,None,64-QAM,0.025119895328210125,101.76375000000002,1,None+None+64-QAM
image,3363.83,12.83,0.127,None,Hamming,64-QAM,0.046990915153234065,92.50532500000001,1,None+Hamming+64-QAM
image,923.39,22.34,0.26,None,None,64-QAM,0.029405633255396735,23.08475,1,None+None+64-QAM
pdf,2986.16,19.37,0.217,None,Hamming,64-QAM,0.011255908789982276,82.1194,1,None+Hamming+64-QAM
pdf,3181.15,22.34,0.326,None,None,64-QAM,0.030945928330679422,79.52875,1,None+None+64-QAM
text,2779.01,17.24,0.079,None,Hamming,64-QAM,0.016297141325399216,76.422775,1,None+Hamming+64-QAM
binary,4211.51,20.49,0.434,None,Hamming,64-QAM,0.010248000509388365,115.81652500000001,1,None+Hamming+64-QAM
image,2428.2,9.88,0.198,None,RS,64-QAM,0.0492625410062206,69.81075,1,None+RS+64-QAM
pdf,2051.58,17.29,0.358,None,Hamming,64-QAM,0.02027634896122786,56.41845000000001,1,None+Hamming+64-QAM
pdf,2448.61,7.07,0.025,None,Convolutional,64-QAM,0.04024888567513895,76.5190625,1,None+Convolutional+64-QAM
text,1467.53,11.87,0.273,None,RS,64-QAM,0.033104603832270194,42.1914875,1,None+RS+64-QAM
text,3905.89,19.14,0.389,None,Hamming,64-QAM,0.013545412423253113,107.411975,1,None+Hamming+64-QAM
pdf,2753.13,7.83,0.066,None,Convolutional,64-QAM,0.03513882218732383,86.03531250000002,1,None+Convolutional+64-QAM
binary,2714.8,23.92,0.382,None,None,64-QAM,0.022416511839586643,67.87,1,None+None+64-QAM
pdf,2736.3,29.74,0.06,None,None,64-QAM,0.004501589162522595,68.40750000000001,1,None+None+64-QAM
text,1495.57,29.98,0.23,None,None,64-QAM,0.004942709688169701,37.38925,1,None+None+64-QAM
binary,4312.38,7.17,0.434,None,RS,64-QAM,0.1100548389648478,123.98092500000001,0,None+RS+64-QAM
image,3880.4,10.92,0.407,None,RS,64-QAM,0.04553591720575935,111.56150000000001,1,None+RS+64-QAM
binary,4306.63,20.26,0.22,None,None,64-QAM,0.045964212310314626,107.66575,1,None+None+64-QAM
text,3926.4,25.34,0.405,None,None,64-QAM,0.016433736363479553,98.16000000000001,1,None+None+64-QAM
binary,2666.08,19.92,0.093,None,None,64-QAM,0.04453281548572597,66.652,1,None+None+64-QAM
binary,1453.77,11.68,0.43,None,RS,64-QAM,0.03885044778570296,41.7958875,1,None+RS+64-QAM
image,686.59,23.75,0.212,None,None,64-QAM,0.02044384648621767,17.16475,1,None+None+64-QAM
image,4962.51,26.68,0.072,None,None,64-QAM,0.009209897073071727,124.06275000000001,1,None+None+64-QAM
text,1255.89,22.78,0.416,None,None,64-QAM,0.029862299350988677,31.397250000000003,1,None+None+64-QAM
pdf,2452.4,19.44,0.142,None,Hamming,64-QAM,0.01039336288328286,67.441,1,None+Hamming+64-QAM
pdf,1882.11,6.89,0.399,None,None,64-QAM,0.5,47.05275,0,None+None+64-QAM
image,2020.23,23.75,0.35,None,None,64-QAM,0.022771611185143446,50.505750000000006,1,None+None+64-QAM
binary,2278.93,17.2,0.295,None,Hamming,64-QAM,0.019740573038099243,62.670575,1,None+Hamming+64-QAM
image,3657.35,16.46,0.335,None,Hamming,64-QAM,0.024130774025960033,100.57712500000001,1,None+Hamming+64-QAM
binary,4252.03,24.89,0.205,None,None,64-QAM,0.01563316955623864,106.30075,1,None+None+64-QAM
pdf,4125.99,17.37,0.168,None,Hamming,64-QAM,0.017121145962636596,113.464725,1,None+Hamming+64-QAM
binary,1695.4,19.45,0.287,None,Hamming,64-QAM,0.011686071358162159,46.62350000000001,1,None+Hamming+64-QAM
pdf,3943.64,27.35,0.384,None,None,64-QAM,0.01019051380013213,98.59100000000001,1,None+None+64-QAM
image,506.88,24.6,0.235,None,None,64-QAM,0.017128800412355063,12.672,1,None+None+64-QAM
image,4647.87,8.95,0.234,None,Convolutional,64-QAM,0.03143005603949122,145.2459375,1,None+Convolutional+64-QAM
pdf,1019.57,22.21,0.075,None,None,64-QAM,0.025850470711780947,25.489250000000002,1,None+None+64-QAM
binary,803.3,28.32,0.144,None,None,64-QAM,0.006737302011132123,20.0825,1,None+None+64-QAM
binary,1259.44,14.3,0.453,None,Hamming,64-QAM,0.04318725503025533,34.634600000000006,1,None+Hamming+64-QAM
text,268.42,20.64,0.366,None,None,64-QAM,0.047153147849987254,6.710500000000001,1,None+None+64-QAM
text,2151.86,7.28,0.057,None,Convolutional,64-QAM,0.039546220447333025,67.24562500000002,1,None+Convolutional+64-QAM
text,2389.27,8.32,0.121,None,Convolutional,64-QAM,0.03300924630454155,74.66468750000001,1,None+Convolutional+64-QAM
pdf,56.34,22.39,0.41,None,None,64-QAM,0.03252962853532295,1.4085,1,None+None+64-QAM
pdf,3473.21,16.94,0.122,None,Hamming,64-QAM,0.01815862014781616,95.51327500000001,1,None+Hamming+64-QAM
image,3656.51,7.56,0.164,None,Convolutional,64-QAM,0.0408303380828762,114.26593750000002,1,None+Convolutional+64-QAM
binary,694.28,24.34,0.379,None,None,64-QAM,0.02030599418612203,17.357,1,None+None+64-QAM
text,3211.46,21.93,0.044,None,None,64-QAM,0.026776911918196346,80.2865,1,None+None+64-QAM
image,3055.49,9.1,0.182,None,Convolutional,64-QAM,0.029083553742004706,95.4840625,1,None+Convolutional+64-QAM
text,3144.12,8.78,0.212,None,Convolutional,64-QAM,0.032102038813118676,98.25375000000001,1,None+Convolutional+64-QAM
pdf,4301.21,7.17,0.059,None,Convolutional,64-QAM,0.04063740392739673,134.4128125,1,None+Convolutional+64-QAM
image,2951.97,14.6,0.482,None,Hamming,64-QAM,0.04110912098965216,81.179175,1,None+Hamming+64-QAM
binary,3957.47,11.19,0.326,None,RS,64-QAM,0.04032770572890725,113.7772625,1,None+RS+64-QAM
text,2771.45,20.0,0.308,None,Hamming,64-QAM,0.010464000000000001,76.21487499999999,1,None+Hamming+64-QAM
image,4240.98,21.46,0.158,None,None,64-QAM,0.03309546982381779,106.02449999999999,1,None+None+64-QAM
text,3741.74,12.39,0.037,None,Hamming,64-QAM,0.047848545803021114,102.89784999999999,1,None+Hamming+64-QAM
text,2479.49,7.82,0.255,None,Convolutional,64-QAM,0.04146424113554828,77.4840625,1,None+Convolutional+64-QAM
image,2646.15,29.44,0.494,None,None,64-QAM,0.0067984606600808226,66.15375,1,None+None+64-QAM
binary,668.59,26.52,0.289,None,None,64-QAM,0.011489811629637681,16.714750000000002,1,None+None+64-QAM
binary,2736.32,9.32,0.241,None,Convolutional,64-QAM,0.029026974885113202,85.51,1,None+Convolutional+64-QAM
image,93.28,6.69,0.138,None,None,64-QAM,0.5,2.3320000000000003,0,None+None+64-QAM
image,4613.67,28.72,0.205,None,None,64-QAM,0.006472127112684505,115.34175,1,None+None+64-QAM
binary,3146.57,17.53,0.214,None,Hamming,64-QAM,0.017151759314504026,86.53067500000002,1,None+Hamming+64-QAM
pdf,421.31,18.41,0.312,None,None,64-QAM,0.07568221364802512,10.53275,0,None+None+64-QAM
binary,427.15,6.98,0.461,None,None,64-QAM,0.5,10.67875,0,None+None+64-QAM
text,2686.59,14.77,0.321,None,Hamming,64-QAM,0.03523650330081868,73.88122500000001,1,None+Hamming+64-QAM
image,1557.75,15.94,0.477,None,Hamming,64-QAM,0.03009334626454485,42.838125000000005,1,None+Hamming+64-QAM
text,298.95,7.16,0.223,None,None,64-QAM,0.5,7.47375,0,None+None+64-QAM
pdf,3065.36,6.38,0.336,None,RS,64-QAM,0.1229890507223107,88.1291,0,None+RS+64-QAM
text,606.02,22.7,0.354,None,None,64-QAM,0.02908564209141289,15.150500000000001,1,None+None+64-QAM
text,2487.1,13.67,0.263,None,Hamming,64-QAM,0.04340036056032421,68.39525,1,None+Hamming+64-QAM
binary,843.15,8.17,0.393,None,None,64-QAM,0.5,21.07875,0,None+None+64-QAM
binary,3667.35,7.95,0.451,None,Convolutional,64-QAM,0.046526181237825,114.60468750000001,1,None+Convolutional+64-QAM
binary,4037.47,11.8,0.041,None,RS,64-QAM,0.027511275175036282,116.0772625,1,None+RS+64-QAM
image,2485.78,17.77,0.037,None,Hamming,64-QAM,0.013863367736321634,68.35895000000001,1,None+Hamming+64-QAM
text,1844.76,11.38,0.06,None,RS,64-QAM,0.030857863712361336,53.03685,1,None+RS+64-QAM
image,1149.74,17.72,0.032,None,Hamming,64-QAM,0.013956280331646795,31.61785,1,None+Hamming+64-QAM
image,1230.31,16.79,0.198,None,Hamming,64-QAM,0.020069973776874965,33.833525,1,None+Hamming+64-QAM
text,903.02,29.01,0.027,None,None,64-QAM,0.0051597710908585425,22.5755,1,None+None+64-QAM
pdf,1130.33,11.21,0.459,None,RS,64-QAM,0.04416876775342407,32.4969875,1,None+RS+64-QAM
binary,1363.58,6.95,0.193,None,None,64-QAM,0.5,34.0895,0,None+None+64-QAM
image,904.93,25.11,0.491,None,None,64-QAM,0.018388132935287144,22.62325,1,None+None+64-QAM
pdf,353.94,16.63,0.148,None,None,64-QAM,0.09977043813342318,8.8485,0,None+None+64-QAM
binary,1643.23,18.83,0.014,None,Hamming,64-QAM,0.010620083759371195,45.188825,1,None+Hamming+64-QAM
text,1465.06,24.61,0.372,None,None,64-QAM,0.018985153055097577,36.6265,1,None+None+64-QAM
text,2324.99,19.79,0.252,None,Hamming,64-QAM,0.010512216965381663,63.937225,1,None+Hamming+64-QAM
text,3664.99,18.66,0.4,None,Hamming,64-QAM,0.015248180443618637,100.787225,1,None+Hamming+64-QAM
text,41.83,15.25,0.124,None,None,64-QAM,0.1342228025465515,1.04575,0,None+None+64-QAM
binary,3183.35,22.34,0.015,None,None,64-QAM,0.023687871233514034,79.58375000000001,1,None+None+64-QAM
binary,17.3,21.43,0.426,AES-128,Convolutional,64-QAM,0.002051868485266552,0.627125,1,AES-128+Convolutional+64-QAM
binary,528.71,18.25,0.127,None,None,64-QAM,0.06745030337673706,13.217750000000002,0,None+None+64-QAM
pdf,4806.31,29.31,0.08,None,None,64-QAM,0.005063883979167924,120.15775000000002,1,None+None+64-QAM
binary,474.2,28.03,0.45,None,None,64-QAM,0.009129100613904075,11.855,1,None+None+64-QAM
pdf,3507.23,14.31,0.488,None,Hamming,64-QAM,0.04412583312099785,96.448825,1,None+Hamming+64-QAM
image,2908.05,17.64,0.322,None,Hamming,64-QAM,0.018210482049052013,79.971375,1,None+Hamming+64-QAM
pdf,383.4,19.2,0.223,None,None,64-QAM,0.05881477614148386,9.584999999999999,0,None+None+64-QAM
text,1191.49,11.52,0.164,None,RS,64-QAM,0.03281050929111037,34.2553375,1,None+RS+64-QAM
pdf,3506.62,23.38,0.166,None,None,64-QAM,0.021416995318711548,87.66550000000001,1,None+None+64-QAM
binary,1175.72,28.59,0.077,None,None,64-QAM,0.005960403960610432,29.393,1,None+None+64-QAM
image,785.5,9.11,0.238,None,None,64-QAM,0.5,19.637500000000003,0,None+None+64-QAM
pdf,612.48,13.96,0.387,None,None,64-QAM,0.2229135418589918,15.312000000000001,0,None+None+64-QAM
pdf,1548.46,11.63,0.069,None,RS,64-QAM,0.029379046495008568,44.518225,1,None+RS+64-QAM
text,4039.91,12.61,0.355,None,RS,64-QAM,0.029716611498710285,116.1474125,1,None+RS+64-QAM
image,1082.95,26.41,0.083,None,None,64-QAM,0.009901214016222364,27.073750000000004,1,None+None+64-QAM
text,4842.32,14.91,0.034,None,Hamming,64-QAM,0.026706103374806917,133.16379999999998,1,None+Hamming+64-QAM
binary,1308.23,29.77,0.025,None,None,64-QAM,0.004322986275204162,32.70575,1,None+None+64-QAM
pdf,4274.46,18.9,0.28,None,Hamming,64-QAM,0.013191675409337696,117.54765,1,None+Hamming+64-QAM
image,2315.6,25.1,0.078,None,None,64-QAM,0.013325353904998597,57.89,1,None+None+64-QAM
image,317.73,24.52,0.119,None,None,64-QAM,0.015808478679887994,7.943250000000001,1,None+None+64-QAM
text,4120.13,14.31,0.319,None,Hamming,64-QAM,0.03911422976249742,113.30357500000001,1,None+Hamming+64-QAM
image,2915.8,11.47,0.408,None,RS,64-QAM,0.04014788265672557,83.82925000000002,1,None+RS+64-QAM
image,4985.84,9.94,0.327,None,Convolutional,64-QAM,0.026909208177451474,155.8075,1,None+Convolutional+64-QAM
text,468.97,26.18,0.406,None,None,64-QAM,0.013553308130933415,11.724250000000001,1,None+None+64-QAM
image,223.05,16.52,0.092,None,None,64-QAM,0.0973380473201269,5.576250000000001,0,None+None+64-QAM
pdf,4110.21,14.87,0.024,None,Hamming,64-QAM,0.026692542546084566,113.030775,1,None+Hamming+64-QAM
pdf,872.31,10.37,0.102,None,None,64-QAM,0.40480100852996254,21.80775,0,None+None+64-QAM
binary,2235.6,8.72,0.311,None,Convolutional,64-QAM,0.03520729728103478,69.8625,1,None+Convolutional+64-QAM
text,3239.92,17.47,0.443,None,Hamming,64-QAM,0.020670753978983446,89.0978,1,None+Hamming+64-QAM
pdf,314.29,11.99,0.077,None,None,64-QAM,0.27244302557287525,7.8572500000000005,0,None+None+64-QAM
text,3216.84,24.93,0.132,None,None,64-QAM,0.014551454918963362,80.421,1,None+None+64-QAM
image,4947.12,24.55,0.186,None,None,64-QAM,0.016639668900309823,123.678,1,None+None+64-QAM
pdf,1726.73,19.14,0.168,None,Hamming,64-QAM,0.01139023881235395,47.485075,1,None+Hamming+64-QAM
binary,907.28,12.97,0.117,None,Hamming,64-QAM,0.04509653355027688,24.950200000000002,1,None+Hamming+64-QAM
binary,302.37,29.79,0.269,None,None,64-QAM,0.005327477367839188,7.5592500000000005,1,None+None+64-QAM
text,4870.16,7.5,0.332,None,Convolutional,64-QAM,0.04737336348343691,152.1925,1,None+Convolutional+64-QAM
binary,2673.11,24.78,0.371,None,None,64-QAM,0.0182430499026432,66.82775000000001,1,None+None+64-QAM
text,2882.7,29.57,0.2,None,None,64-QAM,0.005299577375529953,72.0675,1,None+None+64-QAM
text,888.74,19.81,0.405,None,None,64-QAM,0.058713276320208986,22.218500000000002,0,None+None+64-QAM
binary,4570.76,5.71,0.353,None,RS,64-QAM,0.14533084139903843,131.40935000000002,0,None+RS+64-QAM
text,2819.91,9.71,0.494,None,Convolutional,64-QAM,0.031943359791173014,88.1221875,1,None+Convolutional+64-QAM
pdf,2715.2,9.39,0.029,None,RS,64-QAM,0.04736694400895297,78.062,1,None+RS+64-QAM
image,1170.79,10.47,0.268,None,RS,64-QAM,0.04551758845707795,33.6602125,1,None+RS+64-QAM
image,1665.35,20.35,0.405,None,Hamming,64-QAM,0.010369702841219536,45.797125,1,None+Hamming+64-QAM
binary,3587.52,27.97,0.424,None,None,64-QAM,0.009090127622660435,89.688,1,None+None+64-QAM
binary,307.18,8.69,0.355,None,None,64-QAM,0.5,7.679500000000001,0,None+None+64-QAM
text,3874.09,26.16,0.432,None,None,64-QAM,0.013867654379704825,96.85225000000001,1,None+None+64-QAM
image,1874.22,28.55,0.204,None,None,64-QAM,0.0067249100268453954,46.855500000000006,1,None+None+64-QAM
image,1689.44,13.07,0.488,None,RS,64-QAM,0.02935370481139779,48.571400000000004,1,None+RS+64-QAM
pdf,3961.29,29.02,0.328,None,None,64-QAM,0.0066566859212888,99.03225,1,None+None+64-QAM
text,3538.84,19.05,0.446,None,Hamming,64-QAM,0.014396545028971381,97.3181,1,None+Hamming+64-QAM
binary,1123.95,19.72,0.096,None,None,64-QAM,0.046759573954734505,28.098750000000003,1,None+None+64-QAM
binary,3672.63,12.36,0.097,None,RS,64-QAM,0.025483942640835172,105.58811250000001,1,None+RS+64-QAM
image,4744.45,28.72,0.202,None,None,64-QAM,0.006456013933150851,118.61125,1,None+None+64-QAM
image,918.59,12.96,0.406,None,None,64-QAM,0.28447578991055134,22.964750000000002,0,None+None+64-QAM
text,3201.84,7.6,0.253,None,Convolutional,64-QAM,0.04354928876845936,100.0575,1,None+Convolutional+64-QAM
binary,3729.26,10.95,0.491,None,RS,64-QAM,0.04792229792715022,107.21622500000001,1,None+RS+64-QAM
text,3184.57,29.08,0.413,None,None,64-QAM,0.0069855748938283755,79.61425000000001,1,None+None+64-QAM
binary,2238.68,11.63,0.132,None,RS,64-QAM,0.031110458963844435,64.36205,1,None+RS+64-QAM
image,1758.9,24.68,0.363,None,None,64-QAM,0.01855905450249857,43.972500000000004,1,None+None+64-QAM
image,1935.83,23.31,0.485,None,None,64-QAM,0.027719567190668745,48.39575,1,None+None+64-QAM
pdf,2470.48,14.47,0.278,None,Hamming,64-QAM,0.03652757497265321,67.9382,1,None+Hamming+64-QAM
image,4145.75,24.72,0.293,None,None,64-QAM,0.017444499603836698,103.64375000000001,1,None+None+64-QAM
text,821.66,6.84,0.424,None,None,64-QAM,0.5,20.5415,0,None+None+64-QAM
binary,110.19,11.53,0.061,None,None,64-QAM,0.2983838925586989,2.75475,0,None+None+64-QAM
binary,858.82,14.39,0.369,None,None,64-QAM,0.1992798737832586,21.4705,0,None+None+64-QAM
image,1696.37,29.63,0.448,None,None,64-QAM,0.006307083100587246,42.40925,1,None+None+64-QAM
image,2162.3,21.34,0.308,None,None,64-QAM,0.03842976558198027,54.057500000000005,1,None+None+64-QAM
pdf,793.95,7.53,0.111,None,None,64-QAM,0.5,19.848750000000003,0,None+None+64-QAM
text,2052.31,18.85,0.464,None,Hamming,64-QAM,0.015262689309233322,56.438525,1,None+Hamming+64-QAM
binary,3306.38,12.44,0.057,None,Hamming,64-QAM,0.048213090864060004,90.92545000000001,1,None+Hamming+64-QAM
pdf,2863.13,26.0,0.085,None,None,64-QAM,0.010901587112751574,71.57825000000001,1,None+None+64-QAM
binary,29.04,7.19,0.414,None,Convolutional,64-QAM,0.0540106501522532,0.9075,0,None+Convolutional+64-QAM
pdf,1006.38,5.64,0.094,None,None,64-QAM,0.5,25.1595,0,None+None+64-QAM
binary,4885.52,16.84,0.067,None,Hamming,64-QAM,0.01767072655328034,134.35180000000003,1,None+Hamming+64-QAM
pdf,2360.01,27.37,0.14,None,None,64-QAM,0.008355353766012723,59.00025000000001,1,None+None+64-QAM
pdf,932.56,27.14,0.191,None,None,64-QAM,0.009203897062268627,23.314,1,None+None+64-QAM
pdf,232.64,15.99,0.139,None,None,64-QAM,0.11470536082869347,5.816,0,None+None+64-QAM
binary,2825.59,8.78,0.351,None,Convolutional,64-QAM,0.03578370828095985,88.2996875,1,None+Convolutional+64-QAM
image,437.68,13.59,0.275,None,None,64-QAM,0.22313627363070854,10.942,0,None+None+64-QAM
text,2772.47,26.02,0.411,None,None,64-QAM,0.014111949221414663,69.31175,1,None+None+64-QAM
pdf,4828.48,22.18,0.469,None,None,64-QAM,0.03556982980053996,120.71199999999999,1,None+None+64-QAM
text,2386.55,6.97,0.452,None,RS,64-QAM,0.11668811055631495,68.6133125,0,None+RS+64-QAM
image,2515.49,27.51,0.402,None,None,64-QAM,0.009949654608832043,62.887249999999995,1,None+None+64-QAM
text,610.21,23.93,0.095,None,None,64-QAM,0.017720424056347998,15.255250000000002,1,None+None+64-QAM
text,4861.1,25.21,0.072,None,None,64-QAM,0.01291976983171009,121.52750000000002,1,None+None+64-QAM
pdf,401.06,22.08,0.109,None,None,64-QAM,0.02747840609040604,10.0265,1,None+None+64-QAM
text,4172.2,11.45,0.456,None,RS,64-QAM,0.04170819221079942,119.95075,1,None+RS+64-QAM
image,444.27,18.91,0.281,None,None,64-QAM,0.06585808845551086,11.10675,0,None+None+64-QAM
binary,2603.24,27.93,0.016,None,None,64-QAM,0.0065456638613644895,65.081,1,None+None+64-QAM
pdf,571.47,8.74,0.288,None,None,64-QAM,0.5,14.286750000000001,0,None+None+64-QAM
image,4625.39,19.07,0.059,None,Hamming,64-QAM,0.010495084681085287,127.19822500000001,1,None+Hamming+64-QAM
binary,4338.7,27.0,0.44,None,None,64-QAM,0.011492710934220742,108.4675,1,None+None+64-QAM
binary,1921.39,17.14,0.308,None,Hamming,64-QAM,0.020216116469265095,52.838225,1,None+Hamming+64-QAM
image,869.28,15.07,0.313,None,None,64-QAM,0.163427342024808,21.732,0,None+None+64-QAM
pdf,203.52,27.24,0.172,None,None,64-QAM,0.008850903444563428,5.088000000000001,1,None+None+64-QAM
text,255.96,16.88,0.142,None,None,64-QAM,0.09369708832875183,6.399000000000001,0,None+None+64-QAM
binary,110.96,25.43,0.158,None,None,64-QAM,0.013266872356607277,2.774,1,None+None+64-QAM
binary,4215.8,26.46,0.346,None,None,64-QAM,0.012164802186869748,105.39500000000001,1,None+None+64-QAM
text,680.58,29.36,0.227,None,None,64-QAM,0.0056872792640093595,17.0145,1,None+None+64-QAM
binary,1354.41,15.42,0.326,None,Hamming,64-QAM,0.030453240414117917,37.246275,1,None+Hamming+64-QAM
text,2214.17,27.84,0.21,None,None,64-QAM,0.007958759140360273,55.35425000000001,1,None+None+64-QAM
pdf,3799.87,26.68,0.412,None,None,64-QAM,0.012130946517889252,94.99675,1,None+None+64-QAM
text,337.43,22.74,0.208,None,None,64-QAM,0.025711471087771495,8.43575,1,None+None+64-QAM
image,876.95,26.88,0.108,None,None,64-QAM,0.009090750776554912,21.923750000000002,1,None+None+64-QAM
image,1254.96,16.41,0.46,None,Hamming,64-QAM,0.02669579402342502,34.5114,1,None+Hamming+64-QAM
text,1377.15,25.59,0.258,None,None,64-QAM,0.013891227772500776,34.42875,1,None+None+64-QAM
image,3409.06,11.05,0.25,None,RS,64-QAM,0.0392617817305036,98.010475,1,None+RS+64-QAM
pdf,896.14,26.76,0.298,None,None,64-QAM,0.010947997354453636,22.4035,1,None+None+64-QAM
binary,1727.8,25.94,0.137,None,None,64-QAM,0.011582983988756759,43.195,1,None+None+64-QAM
image,1432.5,14.66,0.09,None,Hamming,64-QAM,0.02982060738719542,39.39375,1,None+Hamming+64-QAM
text,4286.98,21.18,0.342,None,None,64-QAM,0.04090840125816413,107.1745,1,None+None+64-QAM
binary,3261.42,17.83,0.434,None,Hamming,64-QAM,0.018907718955580632,89.68905000000001,1,None+Hamming+64-QAM
image,2375.75,8.31,0.095,None,Convolutional,64-QAM,0.03231797307874209,74.2421875,1,None+Convolutional+64-QAM
image,1126.61,20.21,0.472,None,Hamming,64-QAM,0.011220127627542528,30.981775,1,None+Hamming+64-QAM
binary,2124.8,14.41,0.181,None,Hamming,64-QAM,0.034224718490409686,58.432,1,None+Hamming+64-QAM
binary,1098.86,12.55,0.265,None,None,64-QAM,0.2812875541788242,27.4715,0,None+None+64-QAM
pdf,2926.59,5.18,0.5,None,RS,64-QAM,0.18203347105165624,84.13946250000001,0,None+RS+64-QAM
binary,2811.67,19.84,0.149,None,None,64-QAM,0.047684805990995865,70.29175000000001,1,None+None+64-QAM
image,2413.87,13.41,0.145,None,Hamming,64-QAM,0.041772981501138735,66.38142500000001,1,None+Hamming+64-QAM
binary,4308.84,11.53,0.358,None,RS,64-QAM,0.038190888416089835,123.87915000000001,1,None+RS+64-QAM
binary,949.92,17.93,0.128,None,None,64-QAM,0.07267233105924358,23.748,0,None+None+64-QAM
image,4029.09,25.06,0.304,None,None,64-QAM,0.016268128070633985,100.72725000000001,1,None+None+64-QAM
binary,3406.97,23.03,0.331,None,None,64-QAM,0.026499522404278553,85.17425,1,None+None+64-QAM
binary,1304.54,15.46,0.2,None,Hamming,64-QAM,0.027306826631499987,35.87485,1,None+Hamming+64-QAM
image,2919.29,29.87,0.41,None,None,64-QAM,0.005811377719290714,72.98225000000001,1,None+None+64-QAM
binary,3635.48,10.56,0.272,None,RS,64-QAM,0.04472466565635539,104.52005,1,None+RS+64-QAM
pdf,4533.57,21.8,0.259,None,None,64-QAM,0.03327252204166252,113.33924999999999,1,None+None+64-QAM
text,4204.79,26.91,0.099,None,None,64-QAM,0.008954836973594341,105.11975000000001,1,None+None+64-QAM
image,2359.2,23.52,0.365,None,None,64-QAM,0.024276867203813345,58.98,1,None+None+64-QAM
text,4735.15,27.49,0.331,None,None,64-QAM,0.009489384557893636,118.37875,1,None+None+64-QAM
text,1782.86,23.61,0.16,None,None,64-QAM,0.020207750939010394,44.5715,1,None+None+64-QAM
binary,1864.7,19.64,0.237,None,Hamming,64-QAM,0.010751267971314482,51.279250000000005,1,None+Hamming+64-QAM
image,2357.98,26.66,0.296,None,None,64-QAM,0.011185747017047424,58.9495,1,None+None+64-QAM
image,2366.38,9.86,0.069,None,RS,64-QAM,0.04416087771035736,68.03342500000001,1,None+RS+64-QAM
pdf,2653.89,15.33,0.437,None,Hamming,64-QAM,0.033693548747397696,72.981975,1,None+Hamming+64-QAM
text,695.45,10.01,0.211,None,None,64-QAM,0.483285910915645,17.38625,0,None+None+64-QAM
pdf,724.69,26.56,0.098,None,None,64-QAM,0.009697556787419017,18.117250000000002,1,None+None+64-QAM
image,2443.03,20.78,0.097,None,None,64-QAM,0.036666260439987136,61.075750000000006,1,None+None+64-QAM
image,33.52,11.84,0.383,None,RS,64-QAM,0.036214473149401655,0.9637000000000001,1,None+RS+64-QAM
text,2885.63,8.96,0.395,None,Convolutional,64-QAM,0.0354490175353183,90.17593750000002,1,None+Convolutional+64-QAM
image,655.74,15.84,0.22,None,None,64-QAM,0.12718029323994606,16.3935,0,None+None+64-QAM
pdf,4826.99,14.58,0.028,None,Hamming,64-QAM,0.028647260788561613,132.742225,1,None+Hamming+64-QAM
text,3655.99,28.75,0.447,None,None,64-QAM,0.00771842204936132,91.39975,1,None+None+64-QAM
text,99.4,5.1,0.369,None,None,64-QAM,0.5,2.4850000000000003,0,None+None+64-QAM
text,3470.69,13.61,0.073,None,Hamming,64-QAM,0.03738433923716921,95.44397500000001,1,None+Hamming+64-QAM
pdf,2521.65,12.65,0.042,None,Hamming,64-QAM,0.045285347633209225,69.345375,1,None+Hamming+64-QAM
image,1498.03,12.27,0.367,None,RS,64-QAM,0.032421156748034405,43.0683625,1,None+RS+64-QAM
binary,2173.99,22.17,0.076,None,None,64-QAM,0.026113931625489268,54.34975,1,None+None+64-QAM
pdf,1802.66,9.71,0.475,None,Convolutional,64-QAM,0.031537118937068405,56.33312500000001,1,None+Convolutional+64-QAM
pdf,105.43,10.61,0.493,None,None,64-QAM,0.5,2.6357500000000003,0,None+None+64-QAM
text,3673.04,19.74,0.093,None,None,64-QAM,0.046417329760728265,91.82600000000001,1,None+None+64-QAM
binary,3558.44,24.8,0.194,None,None,64-QAM,0.01581482236200855,88.96100000000001,1,None+None+64-QAM
binary,3858.54,20.58,0.301,None,None,64-QAM,0.045534155662835786,96.46350000000001,1,None+None+64-QAM
image,3313.23,21.34,0.02,None,None,64-QAM,0.029968165820810296,82.83075000000001,1,None+None+64-QAM
image,2089.71,14.51,0.278,None,Hamming,64-QAM,0.03619268815237036,57.467025,1,None+Hamming+64-QAM
pdf,3512.32,10.14,0.346,None,Convolutional,64-QAM,0.02606603989055283,109.76,1,None+Convolutional+64-QAM
image,1512.57,21.54,0.335,None,None,64-QAM,0.037457712935626476,37.81425,1,None+None+64-QAM
binary,3117.76,22.52,0.215,None,None,64-QAM,0.02720421943266237,77.94400000000002,1,None+None+64-QAM
image,2562.81,20.44,0.149,None,None,64-QAM,0.04153172981227698,64.07025,1,None+None+64-QAM
image,2493.72,20.23,0.391,None,Hamming,64-QAM,0.01055400065961238,68.5773,1,None+Hamming+64-QAM
text,1796.03,15.24,0.089,None,Hamming,64-QAM,0.026068609514130543,49.390825,1,None+Hamming+64-QAM
pdf,4552.68,22.21,0.246,None,None,64-QAM,0.02996249907616657,113.81700000000001,1,None+None+64-QAM
text,23.66,21.79,0.454,AES-128,Convolutional,64-QAM,0.0019257255927647246,0.857675,1,AES-128+Convolutional+64-QAM
pdf,754.23,7.25,0.261,None,None,64-QAM,0.5,18.85575,0,None+None+64-QAM
image,4524.85,21.11,0.234,None,None,64-QAM,0.038227434339532344,113.12125000000002,1,None+None+64-QAM
binary,1327.98,6.25,0.408,None,None,64-QAM,0.5,33.1995,0,None+None+64-QAM
image,4262.72,14.01,0.342,None,Hamming,64-QAM,0.042642484751039114,117.22480000000002,1,None+Hamming+64-QAM
pdf,3695.32,7.37,0.382,None,RS,64-QAM,0.10129034126868058,106.24045000000001,0,None+RS+64-QAM
image,58.26,8.46,0.327,None,None,64-QAM,0.5,1.4565000000000001,0,None+None+64-QAM
binary,1794.06,15.94,0.315,None,Hamming,64-QAM,0.02679265425719464,49.33665,1,None+Hamming+64-QAM
image,1869.38,13.57,0.066,None,Hamming,64-QAM,0.03748410896453768,51.40795000000001,1,None+Hamming+64-QAM
pdf,4811.93,11.8,0.199,None,RS,64-QAM,0.031686857766444296,138.34298750000002,1,None+RS+64-QAM
pdf,4001.5,21.22,0.4,None,None,64-QAM,0.04228516474926431,100.03750000000001,1,None+None+64-QAM
image,671.23,23.16,0.491,None,None,64-QAM,0.02880962695365205,16.78075,1,None+None+64-QAM
text,527.53,27.78,0.247,None,None,64-QAM,0.0083162290962047,13.18825,1,None+None+64-QAM
pdf,914.49,14.49,0.186,None,None,64-QAM,0.16871149752912662,22.862250000000003,0,None+None+64-QAM
image,4314.25,27.0,0.366,None,None,64-QAM,0.010902113288989955,107.85625,1,None+None+64-QAM
text,2420.57,17.2,0.445,None,Hamming,64-QAM,0.02202712589965514,66.565675,1,None+Hamming+64-QAM
pdf,239.4,11.54,0.164,None,None,64-QAM,0.32659758694433866,5.985,0,None+None+64-QAM
text,4889.7,21.75,0.176,None,None,64-QAM,0.031438897882427645,122.2425,1,None+None+64-QAM
image,2169.91,23.17,0.246,None,None,64-QAM,0.02402027823363634,54.247749999999996,1,None+None+64-QAM
pdf,751.79,25.66,0.447,None,None,64-QAM,0.015722750488040615,18.79475,1,None+None+64-QAM
image,68.11,28.36,0.258,None,None,64-QAM,0.0073407533577055555,1.70275,1,None+None+64-QAM
pdf,4260.84,26.74,0.047,None,None,64-QAM,0.008871696434420727,106.52100000000002,1,None+None+64-QAM
pdf,1609.96,13.27,0.146,None,Hamming,64-QAM,0.04317920128407265,44.273900000000005,1,None+Hamming+64-QAM
text,2756.97,14.47,0.41,None,Hamming,64-QAM,0.04030037614353757,75.816675,1,None+Hamming+64-QAM
image,2300.88,25.03,0.23,None,None,64-QAM,0.015451302773870986,57.522000000000006,1,None+None+64-QAM
pdf,2240.87,7.97,0.254,None,Convolutional,64-QAM,0.04002464901269726,70.0271875,1,None+Convolutional+64-QAM
image,522.19,15.31,0.283,None,None,64-QAM,0.15110771824655236,13.054750000000002,0,None+None+64-QAM
image,4131.28,24.79,0.482,None,None,64-QAM,0.01967470344371874,103.282,1,None+None+64-QAM
binary,4451.65,19.06,0.331,None,Hamming,64-QAM,0.013221113771243995,122.42037499999999,1,None+Hamming+64-QAM
pdf,4752.27,14.08,0.037,None,Hamming,64-QAM,0.03242416071493768,130.68742500000002,1,None+Hamming+64-QAM
text,4223.14,13.3,0.386,None,RS,64-QAM,0.02593123623296227,121.41527500000002,1,None+RS+64-QAM
pdf,3586.12,14.08,0.232,None,Hamming,64-QAM,0.03852127868929916,98.6183,1,None+Hamming+64-QAM
image,3799.01,10.54,0.177,None,RS,64-QAM,0.041575401711705956,109.22153750000001,1,None+RS+64-QAM
binary,2742.98,14.35,0.062,None,Hamming,64-QAM,0.031204304250317273,75.43195,1,None+Hamming+64-QAM
text,2467.19,25.55,0.374,None,None,64-QAM,0.015312521942789214,61.679750000000006,1,None+None+64-QAM
pdf,543.74,20.27,0.102,None,None,64-QAM,0.04142300352968922,13.5935,1,None+None+64-QAM
pdf,1085.79,25.61,0.103,None,None,64-QAM,0.012123709003487778,27.144750000000002,1,None+None+64-QAM
binary,547.75,15.36,0.464,None,None,64-QAM,0.1704515944339804,13.693750000000001,0,None+None+64-QAM
image,3863.0,16.26,0.333,None,Hamming,64-QAM,0.02523016765398812,106.2325,1,None+Hamming+64-QAM
text,4819.64,5.11,0.371,None,RS,64-QAM,0.1690820271916746,138.56465000000003,0,None+RS+64-QAM
pdf,4195.69,17.07,0.259,None,Hamming,64-QAM,0.01977496470829266,115.381475,1,None+Hamming+64-QAM
text,3462.17,9.34,0.409,None,Convolutional,64-QAM,0.03280507150878765,108.1928125,1,None+Convolutional+64-QAM
image,1943.15,20.01,0.443,None,Hamming,64-QAM,0.011517449536767548,53.43662500000001,1,None+Hamming+64-QAM
pdf,2099.14,20.22,0.349,None,Hamming,64-QAM,0.010258926933138596,57.72635,1,None+Hamming+64-QAM
text,1375.24,29.09,0.486,None,None,64-QAM,0.007329575128712638,34.381,1,None+None+64-QAM
pdf,4025.94,8.45,0.305,None,Convolutional,64-QAM,0.03729413231713979,125.81062500000002,1,None+Convolutional+64-QAM
binary,4216.94,18.7,0.164,None,Hamming,64-QAM,0.012561542362693481,115.96584999999999,1,None+Hamming+64-QAM
text,1012.44,20.6,0.152,None,None,64-QAM,0.040134002225176185,25.311000000000003,1,None+None+64-QAM
binary,4606.75,8.32,0.358,None,Convolutional,64-QAM,0.03998800756607264,143.9609375,1,None+Convolutional+64-QAM
text,2524.43,22.36,0.168,None,None,64-QAM,0.027133313586595712,63.110749999999996,1,None+None+64-QAM
image,3806.27,19.06,0.296,None,Hamming,64-QAM,0.012873451125118122,104.672425,1,None+Hamming+64-QAM
pdf,3374.47,27.35,0.272,None,None,64-QAM,0.00936584794347404,84.36175,1,None+None+64-QAM
pdf,4043.44,18.07,0.022,None,Hamming,64-QAM,0.012750901263113174,111.19460000000001,1,None+Hamming+64-QAM
text,274.79,6.42,0.141,None,None,64-QAM,0.5,6.869750000000001,0,None+None+64-QAM
text,4917.83,22.08,0.082,None,None,64-QAM,0.02680940972932312,122.94575,1,None+None+64-QAM
image,3456.07,12.38,0.379,None,RS,64-QAM,0.03188777797489941,99.3620125,1,None+RS+64-QAM
image,1799.83,16.31,0.312,None,Hamming,64-QAM,0.0245484356569686,49.495325,1,None+Hamming+64-QAM
text,3714.64,19.03,0.126,None,Hamming,64-QAM,0.011262333344201222,102.1526,1,None+Hamming+64-QAM
binary,3467.75,6.17,0.197,None,RS,64-QAM,0.11565226475322377,99.69781250000001,0,None+RS+64-QAM
pdf,4783.94,29.4,0.163,None,None,64-QAM,0.005341210647203499,119.5985,1,None+None+64-QAM
image,74.7,11.28,0.314,None,None,64-QAM,0.39143112548498793,1.8675000000000002,0,None+None+64-QAM
pdf,4151.62,27.79,0.355,None,None,64-QAM,0.00901569656500632,103.79050000000001,1,None+None+64-QAM
binary,3777.99,18.67,0.306,None,Hamming,64-QAM,0.01419165888994258,103.894725,1,None+Hamming+64-QAM
text,1477.95,9.44,0.345,None,Convolutional,64-QAM,0.030602173988650297,46.18593750000001,1,None+Convolutional+64-QAM
text,4812.75,23.38,0.068,None,None,64-QAM,0.019616939108391025,120.31875000000001,1,None+None+64-QAM
image,2148.25,18.91,0.074,None,Hamming,64-QAM,0.011043182982235545,59.076875,1,None+Hamming+64-QAM
binary,38.17,16.66,0.469,None,None,64-QAM,0.1267890614818107,0.95425,0,None+None+64-QAM
image,776.98,13.07,0.035,None,None,64-QAM,0.20417395483734346,19.424500000000002,0,None+None+64-QAM
binary,2457.85,19.32,0.185,None,Hamming,64-QAM,0.01108685422686838,67.590875,1,None+Hamming+64-QAM
binary,2631.72,28.92,0.265,None,None,64-QAM,0.006488592748239465,65.79299999999999,1,None+None+64-QAM
text,2085.5,18.43,0.055,None,Hamming,64-QAM,0.012115530817504858,57.35125,1,None+Hamming+64-QAM
text,4418.15,21.58,0.172,None,None,64-QAM,0.032582740008562795,110.45375,1,None+None+64-QAM
binary,1100.04,23.82,0.27,None,None,64-QAM,0.02107966536582563,27.501,1,None+None+64-QAM
image,582.46,13.65,0.128,None,None,64-QAM,0.1947014074646877,14.561500000000002,0,None+None+64-QAM
text,4794.9,22.06,0.167,None,None,64-QAM,0.029048977311696367,119.8725,1,None+None+64-QAM
image,1935.52,18.51,0.149,None,Hamming,64-QAM,0.012954182635093868,53.226800000000004,1,None+Hamming+64-QAM
binary,2576.4,17.72,0.249,None,Hamming,64-QAM,0.016890885788979505,70.85100000000001,1,None+Hamming+64-QAM
binary,4492.43,9.81,0.262,None,Convolutional,64-QAM,0.026368738333132986,140.3884375,1,None+Convolutional+64-QAM
image,845.3,28.91,0.274,None,None,64-QAM,0.006549820819072664,21.1325,1,None+None+64-QAM
image,3138.4,10.27,0.318,None,RS,64-QAM,0.04954221293296772,90.22900000000001,1,None+RS+64-QAM
text,4326.1,15.61,0.061,None,Hamming,64-QAM,0.023324125571533152,118.96775000000002,1,None+Hamming+64-QAM
pdf,3236.34,28.49,0.376,None,None,64-QAM,0.007792528964883781,80.9085,1,None+None+64-QAM
text,128.53,22.92,0.029,None,None,64-QAM,0.021012385798987707,3.2132500000000004,1,None+None+64-QAM
image,280.8,24.86,0.283,None,None,64-QAM,0.01676048754708428,7.0200000000000005,1,None+None+64-QAM
text,4555.82,15.19,0.231,None,Hamming,64-QAM,0.02980904343994167,125.28505,1,None+Hamming+64-QAM
pdf,2170.79,5.42,0.34,None,None,64-QAM,0.5,54.26975,0,None+None+64-QAM
image,3210.7,20.46,0.38,None,None,64-QAM,0.04965226650045791,80.2675,1,None+None+64-QAM
image,3507.4,6.81,0.465,None,RS,64-QAM,0.12215116574950116,100.83775,0,None+RS+64-QAM
image,1456.28,22.15,0.307,None,None,64-QAM,0.03186658898771605,36.407000000000004,1,None+None+64-QAM
binary,3828.72,15.94,0.204,None,Hamming,64-QAM,0.024531068992899124,105.2898,1,None+Hamming+64-QAM
image,2375.2,18.34,0.077,None,Hamming,64-QAM,0.012627160197676133,65.318,1,None+Hamming+64-QAM
pdf,3985.88,26.24,0.155,None,None,64-QAM,0.010981002124206938,99.647,1,None+None+64-QAM
text,1497.3,27.17,0.483,None,None,64-QAM,0.011381542969656155,37.4325,1,None+None+64-QAM
binary,4787.38,5.28,0.439,None,RS,64-QAM,0.17065569478102116,137.637175,0,None+RS+64-QAM
text,624.94,5.13,0.302,None,None,64-QAM,0.5,15.623500000000002,0,None+None+64-QAM
image,1530.41,23.71,0.453,None,None,64-QAM,0.024735779771333146,38.260250000000006,1,None+None+64-QAM
binary,1066.57,27.64,0.427,None,None,64-QAM,0.009828425826020124,26.66425,1,None+None+64-QAM
text,813.16,10.52,0.419,None,None,64-QAM,0.5,20.329,0,None+None+64-QAM
text,581.97,21.77,0.288,None,None,64-QAM,0.03427487300751371,14.54925,1,None+None+64-QAM
image,4258.42,28.31,0.497,None,None,64-QAM,0.008836530721256057,106.46050000000001,1,None+None+64-QAM
pdf,3226.93,6.83,0.339,None,RS,64-QAM,0.11113236799488496,92.7742375,0,None+RS+64-QAM
binary,500.03,23.14,0.249,None,None,64-QAM,0.024245013468099565,12.50075,1,None+None+64-QAM
binary,1792.12,21.78,0.125,None,None,64-QAM,0.029868438168085903,44.803,1,None+None+64-QAM
binary,3101.38,27.5,0.166,None,None,64-QAM,0.008293895168421534,77.53450000000001,1,None+None+64-QAM
pdf,1648.45,21.49,0.35,None,None,64-QAM,0.038317199470022996,41.21125000000001,1,None+None+64-QAM
text,2832.1,14.11,0.165,None,Hamming,64-QAM,0.036175614110328415,77.88274999999999,1,None+Hamming+64-QAM
pdf,851.51,12.83,0.395,None,None,64-QAM,0.29082664879663495,21.287750000000003,0,None+None+64-QAM
pdf,1390.63,13.99,0.343,None,Hamming,64-QAM,0.042871235509788545,38.24232500000001,1,None+Hamming+64-QAM
binary,4390.65,16.57,0.186,None,Hamming,64-QAM,0.020901366281451193,120.742875,1,None+Hamming+64-QAM
binary,2439.99,7.72,0.326,None,Convolutional,64-QAM,0.044830493507179374,76.2496875,1,None+Convolutional+64-QAM
image,4210.55,26.47,0.079,None,None,64-QAM,0.00972929643964989,105.26375000000002,1,None+None+64-QAM
text,1323.54,27.16,0.047,None,None,64-QAM,0.008053908160675739,33.0885,1,None+None+64-QAM
image,4461.6,26.24,0.319,None,None,64-QAM,0.012540209352232858,111.54000000000002,1,None+None+64-QAM
pdf,3848.31,10.32,0.028,None,RS,64-QAM,0.03819909782439098,110.6389125,1,None+RS+64-QAM
binary,2721.91,29.97,0.241,None,None,64-QAM,0.004998408804180358,68.04775,1,None+None+64-QAM
text,1835.43,10.58,0.388,None,RS,64-QAM,0.04857909920062725,52.7686125,1,None+RS+64-QAM
binary,678.07,17.53,0.054,None,None,64-QAM,0.07445615452012867,16.95175,0,None+None+64-QAM
binary,2515.81,21.57,0.426,None,None,64-QAM,0.03973557636487824,62.895250000000004,1,None+None+64-QAM
text,3788.46,8.51,0.088,None,Convolutional,64-QAM,0.030666124253659995,118.389375,1,None+Convolutional+64-QAM
text,3682.24,17.09,0.186,None,Hamming,64-QAM,0.01854277275639694,101.2616,1,None+Hamming+64-QAM
text,3809.75,10.79,0.14,None,RS,64-QAM,0.03801586201865534,109.53031250000001,1,None+RS+64-QAM
text,223.61,10.17,0.455,None,None,64-QAM,0.5,5.590250000000001,0,None+None+64-QAM
binary,1946.58,27.95,0.442,None,None,64-QAM,0.00924751941350016,48.664500000000004,1,None+None+64-QAM
image,4903.14,13.1,0.355,None,RS,64-QAM,0.026546012009769783,140.96527500000002,1,None+RS+64-QAM
binary,4176.01,11.58,0.277,None,RS,64-QAM,0.035501842142435756,120.06028750000002,1,None+RS+64-QAM
text,1889.53,14.46,0.298,None,Hamming,64-QAM,0.03718473402873771,51.962075,1,None+Hamming+64-QAM
image,2588.15,14.41,0.455,None,Hamming,64-QAM,0.04216508501570372,71.174125,1,None+Hamming+64-QAM
pdf,1770.96,26.69,0.249,None,None,64-QAM,0.010705881443195812,44.274,1,None+None+64-QAM
pdf,4436.99,5.16,0.442,None,RS,64-QAM,0.17580258300174204,127.5634625,0,None+RS+64-QAM
pdf,836.37,6.93,0.325,None,None,64-QAM,0.5,20.90925,0,None+None+64-QAM
text,759.7,8.93,0.305,None,None,64-QAM,0.5,18.992500000000003,0,None+None+64-QAM
image,3308.94,15.37,0.172,None,Hamming,64-QAM,0.027228116408258698,90.99585,1,None+Hamming+64-QAM
image,2412.77,16.97,0.113,None,Hamming,64-QAM,0.01788896240346812,66.351175,1,None+Hamming+64-QAM
text,3239.82,15.27,0.129,None,Hamming,64-QAM,0.026840087598657858,89.09505000000001,1,None+Hamming+64-QAM
text,2871.7,9.03,0.318,None,Convolutional,64-QAM,0.03295682803653912,89.74062500000001,1,None+Convolutional+64-QAM
image,4455.08,8.67,0.092,None,Convolutional,64-QAM,0.029665565673463446,139.22125,1,None+Convolutional+64-QAM
text,2588.04,15.14,0.485,None,Hamming,64-QAM,0.03637612559224525,71.17110000000001,1,None+Hamming+64-QAM
image,4393.76,23.2,0.412,None,None,64-QAM,0.027033027614382622,109.84400000000001,1,None+None+64-QAM
image,1090.8,20.16,0.241,None,None,64-QAM,0.047844472732693905,27.27,1,None+None+64-QAM
pdf,861.13,25.76,0.304,None,None,64-QAM,0.013846422611264411,21.52825,1,None+None+64-QAM
text,3119.83,17.77,0.092,None,Hamming,64-QAM,0.014598647606618345,85.795325,1,None+Hamming+64-QAM
binary,4612.54,19.91,0.044,None,None,64-QAM,0.042634432839632704,115.3135,1,None+None+64-QAM
pdf,1933.45,7.71,0.109,None,Convolutional,64-QAM,0.037580412413921745,60.42031250000001,1,None+Convolutional+64-QAM
pdf,4134.31,20.14,0.097,None,None,64-QAM,0.042488032332743585,103.35775000000001,1,None+None+64-QAM
image,4389.99,18.29,0.379,None,Hamming,64-QAM,0.01635513951533016,120.724725,1,None+Hamming+64-QAM
image,2416.38,8.26,0.306,None,Convolutional,64-QAM,0.038991789978203385,75.511875,1,None+Convolutional+64-QAM
image,4485.88,24.37,0.328,None,None,64-QAM,0.01942039533048918,112.147,1,None+None+64-QAM
